-- phpMyAdmin SQL Dump
-- version 5.2.1
-- https://www.phpmyadmin.net/
--
-- Host: 127.0.0.1
-- Generation Time: Jun 10, 2023 at 02:47 PM
-- Server version: 10.4.27-MariaDB
-- PHP Version: 8.2.0

SET SQL_MODE = "NO_AUTO_VALUE_ON_ZERO";
START TRANSACTION;
SET time_zone = "+00:00";


/*!40101 SET @OLD_CHARACTER_SET_CLIENT=@@CHARACTER_SET_CLIENT */;
/*!40101 SET @OLD_CHARACTER_SET_RESULTS=@@CHARACTER_SET_RESULTS */;
/*!40101 SET @OLD_COLLATION_CONNECTION=@@COLLATION_CONNECTION */;
/*!40101 SET NAMES utf8mb4 */;

--
-- Database: `percobaan_si`
--

-- --------------------------------------------------------

--
-- Table structure for table `alat`
--

CREATE TABLE `alat` (
  `id_alat` bigint(20) UNSIGNED NOT NULL,
  `alat` varchar(50) NOT NULL,
  `id_lokasi` bigint(20) UNSIGNED NOT NULL,
  `updated_at` timestamp NULL DEFAULT NULL,
  `created_at` timestamp NULL DEFAULT NULL
) ENGINE=InnoDB DEFAULT CHARSET=utf8mb4 COLLATE=utf8mb4_general_ci;

--
-- Dumping data for table `alat`
--

INSERT INTO `alat` (`id_alat`, `alat`, `id_lokasi`, `updated_at`, `created_at`) VALUES
(2, 'JB01', 1, '2023-05-28 22:08:22', NULL),
(3, 'JB02', 2, '2023-05-28 21:26:04', '2023-05-28 21:26:04'),
(4, 'JB03', 3, '2023-05-28 21:26:35', '2023-05-28 21:26:35'),
(10, 'JT02', 11, '2023-06-05 14:55:23', '2023-06-05 14:55:12');

-- --------------------------------------------------------

--
-- Table structure for table `kecepatanangin`
--

CREATE TABLE `kecepatanangin` (
  `id_kecepatanangin` bigint(20) UNSIGNED NOT NULL,
  `id_alat` bigint(20) UNSIGNED NOT NULL,
  `kecepatanangin` double(8,2) NOT NULL,
  `waktu` timestamp NULL DEFAULT NULL,
  `created_at` timestamp NULL DEFAULT NULL,
  `updated_at` timestamp NULL DEFAULT NULL
) ENGINE=InnoDB DEFAULT CHARSET=utf8mb4 COLLATE=utf8mb4_unicode_ci;

--
-- Dumping data for table `kecepatanangin`
--

INSERT INTO `kecepatanangin` (`id_kecepatanangin`, `id_alat`, `kecepatanangin`, `waktu`, `created_at`, `updated_at`) VALUES
(1, 2, 13.00, '2023-02-28 17:00:00', '2023-06-04 07:29:14', '2023-06-04 07:29:14'),
(2, 2, 7.00, '2023-02-28 23:00:00', '2023-06-04 07:29:14', '2023-06-04 07:29:14'),
(3, 2, 11.00, '2023-03-01 05:00:00', '2023-06-04 07:29:14', '2023-06-04 07:29:14'),
(4, 2, 11.00, '2023-03-01 11:00:00', '2023-06-04 07:29:14', '2023-06-04 07:29:14'),
(5, 2, 10.00, '2023-03-01 17:00:00', '2023-06-04 07:29:14', '2023-06-04 07:29:14'),
(6, 2, 7.00, '2023-03-01 23:00:00', '2023-06-04 07:29:14', '2023-06-04 07:29:14'),
(7, 2, 7.00, '2023-03-02 05:00:00', '2023-06-04 07:29:14', '2023-06-04 07:29:14'),
(8, 2, 8.00, '2023-03-02 11:00:00', '2023-06-04 07:29:14', '2023-06-04 07:29:14'),
(9, 2, 13.00, '2023-03-02 17:00:00', '2023-06-04 07:29:14', '2023-06-04 07:29:14'),
(10, 2, 9.00, '2023-03-02 23:00:00', '2023-06-04 07:29:14', '2023-06-04 07:29:14'),
(11, 2, 12.00, '2023-03-03 05:00:00', '2023-06-04 07:29:14', '2023-06-04 07:29:14'),
(12, 2, 12.00, '2023-03-03 11:00:00', '2023-06-04 07:29:14', '2023-06-04 07:29:14'),
(13, 2, 9.00, '2023-03-03 17:00:00', '2023-06-04 07:29:14', '2023-06-04 07:29:14'),
(14, 2, 10.00, '2023-03-03 23:00:00', '2023-06-04 07:29:14', '2023-06-04 07:29:14'),
(15, 2, 9.00, '2023-03-04 05:00:00', '2023-06-04 07:29:14', '2023-06-04 07:29:14'),
(16, 2, 9.00, '2023-03-04 11:00:00', '2023-06-04 07:29:14', '2023-06-04 07:29:14'),
(17, 2, 7.00, '2023-03-04 17:00:00', '2023-06-04 07:29:14', '2023-06-04 07:29:14'),
(18, 2, 11.00, '2023-03-04 23:00:00', '2023-06-04 07:29:14', '2023-06-04 07:29:14'),
(19, 2, 11.00, '2023-03-05 05:00:00', '2023-06-04 07:29:14', '2023-06-04 07:29:14'),
(20, 2, 10.00, '2023-03-05 11:00:00', '2023-06-04 07:29:14', '2023-06-04 07:29:14'),
(21, 2, 8.00, '2023-03-05 17:00:00', '2023-06-04 07:29:14', '2023-06-04 07:29:14'),
(22, 2, 9.00, '2023-03-05 23:00:00', '2023-06-04 07:29:14', '2023-06-04 07:29:14'),
(23, 2, 9.00, '2023-03-06 05:00:00', '2023-06-04 07:29:14', '2023-06-04 07:29:14'),
(24, 2, 12.00, '2023-03-06 11:00:00', '2023-06-04 07:29:14', '2023-06-04 07:29:14'),
(25, 2, 8.00, '2023-03-06 17:00:00', '2023-06-04 07:29:14', '2023-06-04 07:29:14'),
(26, 2, 9.00, '2023-03-06 23:00:00', '2023-06-04 07:29:14', '2023-06-04 07:29:14'),
(27, 2, 9.00, '2023-03-07 05:00:00', '2023-06-04 07:29:14', '2023-06-04 07:29:14'),
(28, 2, 7.00, '2023-03-07 11:00:00', '2023-06-04 07:29:14', '2023-06-04 07:29:14'),
(29, 2, 11.00, '2023-03-07 17:00:00', '2023-06-04 07:29:14', '2023-06-04 07:29:14'),
(30, 2, 10.00, '2023-03-07 23:00:00', '2023-06-04 07:29:14', '2023-06-04 07:29:14'),
(31, 2, 11.00, '2023-03-08 05:00:00', '2023-06-04 07:29:14', '2023-06-04 07:29:14'),
(32, 2, 12.00, '2023-03-08 11:00:00', '2023-06-04 07:29:14', '2023-06-04 07:29:14'),
(33, 2, 11.00, '2023-03-08 17:00:00', '2023-06-04 07:29:14', '2023-06-04 07:29:14'),
(34, 2, 7.00, '2023-03-08 23:00:00', '2023-06-04 07:29:14', '2023-06-04 07:29:14'),
(35, 2, 7.00, '2023-03-09 05:00:00', '2023-06-04 07:29:14', '2023-06-04 07:29:14'),
(36, 2, 12.00, '2023-03-09 11:00:00', '2023-06-04 07:29:14', '2023-06-04 07:29:14'),
(37, 2, 13.00, '2023-03-09 17:00:00', '2023-06-04 07:29:14', '2023-06-04 07:29:14'),
(38, 2, 11.00, '2023-03-09 23:00:00', '2023-06-04 07:29:14', '2023-06-04 07:29:14'),
(39, 2, 10.00, '2023-03-10 05:00:00', '2023-06-04 07:29:14', '2023-06-04 07:29:14'),
(40, 2, 12.00, '2023-03-10 11:00:00', '2023-06-04 07:29:14', '2023-06-04 07:29:14'),
(41, 2, 13.00, '2023-03-10 17:00:00', '2023-06-04 07:29:14', '2023-06-04 07:29:14'),
(42, 2, 12.00, '2023-03-10 23:00:00', '2023-06-04 07:29:14', '2023-06-04 07:29:14'),
(43, 2, 11.00, '2023-03-11 05:00:00', '2023-06-04 07:29:14', '2023-06-04 07:29:14'),
(44, 2, 8.00, '2023-03-11 11:00:00', '2023-06-04 07:29:14', '2023-06-04 07:29:14'),
(45, 2, 8.00, '2023-03-11 17:00:00', '2023-06-04 07:29:14', '2023-06-04 07:29:14'),
(46, 2, 9.00, '2023-03-11 23:00:00', '2023-06-04 07:29:14', '2023-06-04 07:29:14'),
(47, 2, 9.00, '2023-03-12 05:00:00', '2023-06-04 07:29:14', '2023-06-04 07:29:14'),
(48, 2, 11.00, '2023-03-12 11:00:00', '2023-06-04 07:29:14', '2023-06-04 07:29:14'),
(49, 2, 11.00, '2023-03-12 17:00:00', '2023-06-04 07:29:14', '2023-06-04 07:29:14'),
(50, 2, 10.00, '2023-03-12 23:00:00', '2023-06-04 07:29:14', '2023-06-04 07:29:14'),
(51, 2, 11.00, '2023-03-13 05:00:00', '2023-06-04 07:29:14', '2023-06-04 07:29:14'),
(52, 2, 7.00, '2023-03-13 11:00:00', '2023-06-04 07:29:14', '2023-06-04 07:29:14'),
(53, 2, 10.00, '2023-03-13 17:00:00', '2023-06-04 07:29:14', '2023-06-04 07:29:14'),
(54, 2, 7.00, '2023-03-13 23:00:00', '2023-06-04 07:29:14', '2023-06-04 07:29:14'),
(55, 2, 7.00, '2023-03-14 05:00:00', '2023-06-04 07:29:14', '2023-06-04 07:29:14'),
(56, 2, 13.00, '2023-03-14 11:00:00', '2023-06-04 07:29:14', '2023-06-04 07:29:14'),
(57, 2, 13.00, '2023-03-14 17:00:00', '2023-06-04 07:29:14', '2023-06-04 07:29:14'),
(58, 2, 13.00, '2023-03-14 23:00:00', '2023-06-04 07:29:14', '2023-06-04 07:29:14'),
(59, 2, 10.00, '2023-03-15 05:00:00', '2023-06-04 07:29:14', '2023-06-04 07:29:14'),
(60, 2, 13.00, '2023-03-15 11:00:00', '2023-06-04 07:29:14', '2023-06-04 07:29:14'),
(61, 2, 8.00, '2023-03-15 17:00:00', '2023-06-04 07:29:14', '2023-06-04 07:29:14'),
(62, 2, 10.00, '2023-03-15 23:00:00', '2023-06-04 07:29:14', '2023-06-04 07:29:14'),
(63, 2, 7.00, '2023-03-16 05:00:00', '2023-06-04 07:29:14', '2023-06-04 07:29:14'),
(64, 2, 7.00, '2023-03-16 11:00:00', '2023-06-04 07:29:14', '2023-06-04 07:29:14'),
(65, 2, 11.00, '2023-03-16 17:00:00', '2023-06-04 07:29:14', '2023-06-04 07:29:14'),
(66, 2, 8.00, '2023-03-16 23:00:00', '2023-06-04 07:29:14', '2023-06-04 07:29:14'),
(67, 2, 12.00, '2023-03-17 05:00:00', '2023-06-04 07:29:14', '2023-06-04 07:29:14'),
(68, 2, 12.00, '2023-03-17 11:00:00', '2023-06-04 07:29:14', '2023-06-04 07:29:14'),
(69, 2, 8.00, '2023-03-17 17:00:00', '2023-06-04 07:29:14', '2023-06-04 07:29:14'),
(70, 2, 10.00, '2023-03-17 23:00:00', '2023-06-04 07:29:14', '2023-06-04 07:29:14'),
(71, 2, 8.00, '2023-03-18 05:00:00', '2023-06-04 07:29:14', '2023-06-04 07:29:14'),
(72, 2, 9.00, '2023-03-18 11:00:00', '2023-06-04 07:29:14', '2023-06-04 07:29:14'),
(73, 2, 9.00, '2023-03-18 17:00:00', '2023-06-04 07:29:14', '2023-06-04 07:29:14'),
(74, 2, 13.00, '2023-03-18 23:00:00', '2023-06-04 07:29:14', '2023-06-04 07:29:14'),
(75, 2, 8.00, '2023-03-19 05:00:00', '2023-06-04 07:29:14', '2023-06-04 07:29:14'),
(76, 2, 8.00, '2023-03-19 11:00:00', '2023-06-04 07:29:14', '2023-06-04 07:29:14'),
(77, 2, 10.00, '2023-03-19 17:00:00', '2023-06-04 07:29:14', '2023-06-04 07:29:14'),
(78, 2, 13.00, '2023-03-19 23:00:00', '2023-06-04 07:29:14', '2023-06-04 07:29:14'),
(79, 2, 11.00, '2023-03-20 05:00:00', '2023-06-04 07:29:14', '2023-06-04 07:29:14'),
(80, 2, 9.00, '2023-03-20 11:00:00', '2023-06-04 07:29:14', '2023-06-04 07:29:14'),
(81, 2, 12.00, '2023-03-20 17:00:00', '2023-06-04 07:29:14', '2023-06-04 07:29:14'),
(82, 2, 12.00, '2023-03-20 23:00:00', '2023-06-04 07:29:14', '2023-06-04 07:29:14'),
(83, 2, 10.00, '2023-03-21 05:00:00', '2023-06-04 07:29:14', '2023-06-04 07:29:14'),
(84, 2, 8.00, '2023-03-21 11:00:00', '2023-06-04 07:29:14', '2023-06-04 07:29:14'),
(85, 2, 12.00, '2023-03-21 17:00:00', '2023-06-04 07:29:14', '2023-06-04 07:29:14'),
(86, 2, 13.00, '2023-03-21 23:00:00', '2023-06-04 07:29:14', '2023-06-04 07:29:14'),
(87, 2, 12.00, '2023-03-22 05:00:00', '2023-06-04 07:29:14', '2023-06-04 07:29:14'),
(88, 2, 13.00, '2023-03-22 11:00:00', '2023-06-04 07:29:14', '2023-06-04 07:29:14'),
(89, 2, 10.00, '2023-03-22 17:00:00', '2023-06-04 07:29:14', '2023-06-04 07:29:14'),
(90, 2, 12.00, '2023-03-22 23:00:00', '2023-06-04 07:29:14', '2023-06-04 07:29:14'),
(91, 2, 7.00, '2023-03-23 05:00:00', '2023-06-04 07:29:14', '2023-06-04 07:29:14'),
(92, 2, 8.00, '2023-03-23 11:00:00', '2023-06-04 07:29:14', '2023-06-04 07:29:14'),
(93, 2, 10.00, '2023-03-23 17:00:00', '2023-06-04 07:29:14', '2023-06-04 07:29:14'),
(94, 2, 12.00, '2023-03-23 23:00:00', '2023-06-04 07:29:14', '2023-06-04 07:29:14'),
(95, 2, 11.00, '2023-03-24 05:00:00', '2023-06-04 07:29:14', '2023-06-04 07:29:14'),
(96, 2, 13.00, '2023-03-24 11:00:00', '2023-06-04 07:29:14', '2023-06-04 07:29:14'),
(97, 2, 8.00, '2023-03-24 17:00:00', '2023-06-04 07:29:14', '2023-06-04 07:29:14'),
(98, 2, 8.00, '2023-03-24 23:00:00', '2023-06-04 07:29:14', '2023-06-04 07:29:14'),
(99, 2, 12.00, '2023-03-25 05:00:00', '2023-06-04 07:29:14', '2023-06-04 07:29:14'),
(100, 2, 10.00, '2023-03-25 11:00:00', '2023-06-04 07:29:14', '2023-06-04 07:29:14'),
(101, 2, 7.00, '2023-03-25 17:00:00', '2023-06-04 07:29:14', '2023-06-04 07:29:14'),
(102, 2, 7.00, '2023-03-25 23:00:00', '2023-06-04 07:29:14', '2023-06-04 07:29:14'),
(103, 2, 13.00, '2023-03-26 05:00:00', '2023-06-04 07:29:14', '2023-06-04 07:29:14'),
(104, 2, 10.00, '2023-03-26 11:00:00', '2023-06-04 07:29:14', '2023-06-04 07:29:14'),
(105, 2, 8.00, '2023-03-26 17:00:00', '2023-06-04 07:29:14', '2023-06-04 07:29:14'),
(106, 2, 9.00, '2023-03-26 23:00:00', '2023-06-04 07:29:14', '2023-06-04 07:29:14'),
(107, 2, 8.00, '2023-03-27 05:00:00', '2023-06-04 07:29:14', '2023-06-04 07:29:14'),
(108, 2, 8.00, '2023-03-27 11:00:00', '2023-06-04 07:29:14', '2023-06-04 07:29:14'),
(109, 2, 9.00, '2023-03-27 17:00:00', '2023-06-04 07:29:14', '2023-06-04 07:29:14'),
(110, 2, 13.00, '2023-03-27 23:00:00', '2023-06-04 07:29:14', '2023-06-04 07:29:14'),
(111, 2, 8.00, '2023-03-28 05:00:00', '2023-06-04 07:29:14', '2023-06-04 07:29:14'),
(112, 2, 13.00, '2023-03-28 11:00:00', '2023-06-04 07:29:14', '2023-06-04 07:29:14'),
(113, 2, 13.00, '2023-03-28 17:00:00', '2023-06-04 07:29:14', '2023-06-04 07:29:14'),
(114, 2, 13.00, '2023-03-28 23:00:00', '2023-06-04 07:29:14', '2023-06-04 07:29:14'),
(115, 2, 11.00, '2023-03-29 05:00:00', '2023-06-04 07:29:14', '2023-06-04 07:29:14'),
(116, 2, 13.00, '2023-03-29 11:00:00', '2023-06-04 07:29:14', '2023-06-04 07:29:14'),
(117, 2, 10.00, '2023-03-29 17:00:00', '2023-06-04 07:29:14', '2023-06-04 07:29:14'),
(118, 2, 12.00, '2023-03-29 23:00:00', '2023-06-04 07:29:14', '2023-06-04 07:29:14'),
(119, 2, 13.00, '2023-03-30 05:00:00', '2023-06-04 07:29:14', '2023-06-04 07:29:14'),
(120, 2, 12.00, '2023-03-30 11:00:00', '2023-06-04 07:29:14', '2023-06-04 07:29:14'),
(121, 2, 8.00, '2023-03-30 17:00:00', '2023-06-04 07:29:14', '2023-06-04 07:29:14'),
(122, 2, 12.00, '2023-03-30 23:00:00', '2023-06-04 07:29:14', '2023-06-04 07:29:14'),
(123, 2, 13.00, '2023-03-31 05:00:00', '2023-06-04 07:29:14', '2023-06-04 07:29:14'),
(124, 2, 9.00, '2023-03-31 11:00:00', '2023-06-04 07:29:14', '2023-06-04 07:29:14'),
(125, 2, 12.00, '2023-03-31 17:00:00', '2023-06-04 07:29:14', '2023-06-04 07:29:14'),
(126, 2, 10.00, '2023-03-31 23:00:00', '2023-06-04 07:29:14', '2023-06-04 07:29:14'),
(127, 2, 11.00, '2023-04-01 05:00:00', '2023-06-04 07:29:14', '2023-06-04 07:29:14'),
(128, 2, 10.00, '2023-04-01 11:00:00', '2023-06-04 07:29:14', '2023-06-04 07:29:14'),
(129, 2, 13.00, '2023-04-01 17:00:00', '2023-06-04 07:29:14', '2023-06-04 07:29:14'),
(130, 2, 9.00, '2023-04-01 23:00:00', '2023-06-04 07:29:14', '2023-06-04 07:29:14'),
(131, 2, 8.00, '2023-04-02 05:00:00', '2023-06-04 07:29:14', '2023-06-04 07:29:14'),
(132, 2, 13.00, '2023-04-02 11:00:00', '2023-06-04 07:29:14', '2023-06-04 07:29:14'),
(133, 2, 7.00, '2023-04-02 17:00:00', '2023-06-04 07:29:14', '2023-06-04 07:29:14'),
(134, 2, 7.00, '2023-04-02 23:00:00', '2023-06-04 07:29:14', '2023-06-04 07:29:14'),
(135, 2, 9.00, '2023-04-03 05:00:00', '2023-06-04 07:29:14', '2023-06-04 07:29:14'),
(136, 2, 12.00, '2023-04-03 11:00:00', '2023-06-04 07:29:14', '2023-06-04 07:29:14'),
(137, 2, 12.00, '2023-04-03 17:00:00', '2023-06-04 07:29:14', '2023-06-04 07:29:14'),
(138, 2, 12.00, '2023-04-03 23:00:00', '2023-06-04 07:29:14', '2023-06-04 07:29:14'),
(139, 2, 9.00, '2023-04-04 05:00:00', '2023-06-04 07:29:14', '2023-06-04 07:29:14'),
(140, 2, 7.00, '2023-04-04 11:00:00', '2023-06-04 07:29:14', '2023-06-04 07:29:14'),
(141, 2, 9.00, '2023-04-04 17:00:00', '2023-06-04 07:29:14', '2023-06-04 07:29:14'),
(142, 2, 13.00, '2023-04-04 23:00:00', '2023-06-04 07:29:14', '2023-06-04 07:29:14'),
(143, 2, 9.00, '2023-04-05 05:00:00', '2023-06-04 07:29:14', '2023-06-04 07:29:14'),
(144, 2, 13.00, '2023-04-05 11:00:00', '2023-06-04 07:29:14', '2023-06-04 07:29:14'),
(145, 2, 9.00, '2023-04-05 17:00:00', '2023-06-04 07:29:14', '2023-06-04 07:29:14'),
(146, 2, 8.00, '2023-04-05 23:00:00', '2023-06-04 07:29:14', '2023-06-04 07:29:14'),
(147, 2, 13.00, '2023-04-06 05:00:00', '2023-06-04 07:29:14', '2023-06-04 07:29:14'),
(148, 2, 13.00, '2023-04-06 11:00:00', '2023-06-04 07:29:14', '2023-06-04 07:29:14'),
(149, 2, 11.00, '2023-04-06 17:00:00', '2023-06-04 07:29:14', '2023-06-04 07:29:14'),
(150, 2, 7.00, '2023-04-06 23:00:00', '2023-06-04 07:29:14', '2023-06-04 07:29:14'),
(151, 2, 12.00, '2023-04-07 05:00:00', '2023-06-04 07:29:14', '2023-06-04 07:29:14'),
(152, 2, 10.00, '2023-04-07 11:00:00', '2023-06-04 07:29:14', '2023-06-04 07:29:14'),
(153, 2, 8.00, '2023-04-07 17:00:00', '2023-06-04 07:29:14', '2023-06-04 07:29:14'),
(154, 2, 10.00, '2023-04-07 23:00:00', '2023-06-04 07:29:14', '2023-06-04 07:29:14'),
(155, 2, 9.00, '2023-04-08 05:00:00', '2023-06-04 07:29:14', '2023-06-04 07:29:14'),
(156, 2, 12.00, '2023-04-08 11:00:00', '2023-06-04 07:29:14', '2023-06-04 07:29:14'),
(157, 2, 13.00, '2023-04-08 17:00:00', '2023-06-04 07:29:14', '2023-06-04 07:29:14'),
(158, 2, 10.00, '2023-04-08 23:00:00', '2023-06-04 07:29:14', '2023-06-04 07:29:14'),
(159, 2, 11.00, '2023-04-09 05:00:00', '2023-06-04 07:29:14', '2023-06-04 07:29:14'),
(160, 2, 13.00, '2023-04-09 11:00:00', '2023-06-04 07:29:14', '2023-06-04 07:29:14'),
(161, 2, 12.00, '2023-04-09 17:00:00', '2023-06-04 07:29:14', '2023-06-04 07:29:14'),
(162, 2, 7.00, '2023-04-09 23:00:00', '2023-06-04 07:29:14', '2023-06-04 07:29:14'),
(163, 2, 8.00, '2023-04-10 05:00:00', '2023-06-04 07:29:14', '2023-06-04 07:29:14'),
(164, 2, 9.00, '2023-04-10 11:00:00', '2023-06-04 07:29:14', '2023-06-04 07:29:14'),
(165, 2, 10.00, '2023-04-10 17:00:00', '2023-06-04 07:29:14', '2023-06-04 07:29:14'),
(166, 2, 13.00, '2023-04-10 23:00:00', '2023-06-04 07:29:14', '2023-06-04 07:29:14'),
(167, 2, 9.00, '2023-04-11 05:00:00', '2023-06-04 07:29:14', '2023-06-04 07:29:14'),
(168, 2, 12.00, '2023-04-11 11:00:00', '2023-06-04 07:29:14', '2023-06-04 07:29:14'),
(169, 2, 7.00, '2023-04-11 17:00:00', '2023-06-04 07:29:14', '2023-06-04 07:29:14'),
(170, 2, 7.00, '2023-04-11 23:00:00', '2023-06-04 07:29:14', '2023-06-04 07:29:14'),
(171, 2, 8.00, '2023-04-12 05:00:00', '2023-06-04 07:29:14', '2023-06-04 07:29:14'),
(172, 2, 13.00, '2023-04-12 11:00:00', '2023-06-04 07:29:14', '2023-06-04 07:29:14'),
(173, 2, 9.00, '2023-04-12 17:00:00', '2023-06-04 07:29:14', '2023-06-04 07:29:14'),
(174, 2, 11.00, '2023-04-12 23:00:00', '2023-06-04 07:29:14', '2023-06-04 07:29:14'),
(175, 2, 11.00, '2023-04-13 05:00:00', '2023-06-04 07:29:14', '2023-06-04 07:29:14'),
(176, 2, 12.00, '2023-04-13 11:00:00', '2023-06-04 07:29:14', '2023-06-04 07:29:14'),
(177, 2, 8.00, '2023-04-13 17:00:00', '2023-06-04 07:29:14', '2023-06-04 07:29:14'),
(178, 2, 9.00, '2023-04-13 23:00:00', '2023-06-04 07:29:14', '2023-06-04 07:29:14'),
(179, 2, 8.00, '2023-04-14 05:00:00', '2023-06-04 07:29:14', '2023-06-04 07:29:14'),
(180, 2, 7.00, '2023-04-14 11:00:00', '2023-06-04 07:29:14', '2023-06-04 07:29:14'),
(181, 2, 7.00, '2023-04-14 17:00:00', '2023-06-04 07:29:14', '2023-06-04 07:29:14'),
(182, 2, 12.00, '2023-04-14 23:00:00', '2023-06-04 07:29:14', '2023-06-04 07:29:14'),
(183, 2, 7.00, '2023-04-15 05:00:00', '2023-06-04 07:29:14', '2023-06-04 07:29:14'),
(184, 2, 7.00, '2023-04-15 11:00:00', '2023-06-04 07:29:14', '2023-06-04 07:29:14'),
(185, 2, 10.00, '2023-04-15 17:00:00', '2023-06-04 07:29:14', '2023-06-04 07:29:14'),
(186, 2, 8.00, '2023-04-15 23:00:00', '2023-06-04 07:29:14', '2023-06-04 07:29:14'),
(187, 2, 7.00, '2023-04-16 05:00:00', '2023-06-04 07:29:14', '2023-06-04 07:29:14'),
(188, 2, 11.00, '2023-04-16 11:00:00', '2023-06-04 07:29:14', '2023-06-04 07:29:14'),
(189, 2, 13.00, '2023-04-16 17:00:00', '2023-06-04 07:29:14', '2023-06-04 07:29:14'),
(190, 2, 7.00, '2023-04-16 23:00:00', '2023-06-04 07:29:14', '2023-06-04 07:29:14'),
(191, 2, 10.00, '2023-04-17 05:00:00', '2023-06-04 07:29:14', '2023-06-04 07:29:14'),
(192, 2, 12.00, '2023-04-17 11:00:00', '2023-06-04 07:29:14', '2023-06-04 07:29:14'),
(193, 2, 13.00, '2023-04-17 17:00:00', '2023-06-04 07:29:14', '2023-06-04 07:29:14'),
(194, 2, 12.00, '2023-04-17 23:00:00', '2023-06-04 07:29:14', '2023-06-04 07:29:14'),
(195, 2, 9.00, '2023-04-18 05:00:00', '2023-06-04 07:29:14', '2023-06-04 07:29:14'),
(196, 2, 8.00, '2023-04-18 11:00:00', '2023-06-04 07:29:14', '2023-06-04 07:29:14'),
(197, 2, 12.00, '2023-04-18 17:00:00', '2023-06-04 07:29:14', '2023-06-04 07:29:14'),
(198, 2, 9.00, '2023-04-18 23:00:00', '2023-06-04 07:29:14', '2023-06-04 07:29:14'),
(199, 2, 8.00, '2023-04-19 05:00:00', '2023-06-04 07:29:14', '2023-06-04 07:29:14'),
(200, 2, 13.00, '2023-04-19 11:00:00', '2023-06-04 07:29:14', '2023-06-04 07:29:14'),
(201, 2, 9.00, '2023-04-19 17:00:00', '2023-06-04 07:29:14', '2023-06-04 07:29:14'),
(202, 2, 10.00, '2023-04-19 23:00:00', '2023-06-04 07:29:14', '2023-06-04 07:29:14'),
(203, 2, 10.00, '2023-04-20 05:00:00', '2023-06-04 07:29:14', '2023-06-04 07:29:14'),
(204, 2, 12.00, '2023-04-20 11:00:00', '2023-06-04 07:29:14', '2023-06-04 07:29:14'),
(205, 2, 12.00, '2023-04-20 17:00:00', '2023-06-04 07:29:14', '2023-06-04 07:29:14'),
(206, 2, 10.00, '2023-04-20 23:00:00', '2023-06-04 07:29:14', '2023-06-04 07:29:14'),
(207, 2, 13.00, '2023-04-21 05:00:00', '2023-06-04 07:29:14', '2023-06-04 07:29:14'),
(208, 2, 9.00, '2023-04-21 11:00:00', '2023-06-04 07:29:14', '2023-06-04 07:29:14'),
(209, 2, 8.00, '2023-04-21 17:00:00', '2023-06-04 07:29:14', '2023-06-04 07:29:14'),
(210, 2, 10.00, '2023-04-21 23:00:00', '2023-06-04 07:29:14', '2023-06-04 07:29:14'),
(211, 2, 12.00, '2023-04-22 05:00:00', '2023-06-04 07:29:14', '2023-06-04 07:29:14'),
(212, 2, 13.00, '2023-04-22 11:00:00', '2023-06-04 07:29:14', '2023-06-04 07:29:14'),
(213, 2, 13.00, '2023-04-22 17:00:00', '2023-06-04 07:29:14', '2023-06-04 07:29:14'),
(214, 2, 10.00, '2023-04-22 23:00:00', '2023-06-04 07:29:14', '2023-06-04 07:29:14'),
(215, 2, 7.00, '2023-04-23 05:00:00', '2023-06-04 07:29:14', '2023-06-04 07:29:14'),
(216, 2, 10.00, '2023-04-23 11:00:00', '2023-06-04 07:29:14', '2023-06-04 07:29:14'),
(217, 2, 9.00, '2023-04-23 17:00:00', '2023-06-04 07:29:14', '2023-06-04 07:29:14'),
(218, 2, 12.00, '2023-04-23 23:00:00', '2023-06-04 07:29:14', '2023-06-04 07:29:14'),
(219, 2, 13.00, '2023-04-24 05:00:00', '2023-06-04 07:29:14', '2023-06-04 07:29:14'),
(220, 2, 7.00, '2023-04-24 11:00:00', '2023-06-04 07:29:14', '2023-06-04 07:29:14'),
(221, 2, 9.00, '2023-04-24 17:00:00', '2023-06-04 07:29:14', '2023-06-04 07:29:14'),
(222, 2, 7.00, '2023-04-24 23:00:00', '2023-06-04 07:29:14', '2023-06-04 07:29:14'),
(223, 2, 10.00, '2023-04-25 05:00:00', '2023-06-04 07:29:14', '2023-06-04 07:29:14'),
(224, 2, 12.00, '2023-04-25 11:00:00', '2023-06-04 07:29:14', '2023-06-04 07:29:14'),
(225, 2, 13.00, '2023-04-25 17:00:00', '2023-06-04 07:29:14', '2023-06-04 07:29:14'),
(226, 2, 11.00, '2023-04-25 23:00:00', '2023-06-04 07:29:14', '2023-06-04 07:29:14'),
(227, 2, 10.00, '2023-04-26 05:00:00', '2023-06-04 07:29:14', '2023-06-04 07:29:14'),
(228, 2, 8.00, '2023-04-26 11:00:00', '2023-06-04 07:29:14', '2023-06-04 07:29:14'),
(229, 2, 8.00, '2023-04-26 17:00:00', '2023-06-04 07:29:14', '2023-06-04 07:29:14'),
(230, 2, 9.00, '2023-04-26 23:00:00', '2023-06-04 07:29:14', '2023-06-04 07:29:14'),
(231, 2, 9.00, '2023-04-27 05:00:00', '2023-06-04 07:29:14', '2023-06-04 07:29:14'),
(232, 2, 10.00, '2023-04-27 11:00:00', '2023-06-04 07:29:14', '2023-06-04 07:29:14'),
(233, 2, 12.00, '2023-04-27 17:00:00', '2023-06-04 07:29:14', '2023-06-04 07:29:14'),
(234, 2, 8.00, '2023-04-27 23:00:00', '2023-06-04 07:29:14', '2023-06-04 07:29:14'),
(235, 2, 10.00, '2023-04-28 05:00:00', '2023-06-04 07:29:14', '2023-06-04 07:29:14'),
(236, 2, 9.00, '2023-04-28 11:00:00', '2023-06-04 07:29:14', '2023-06-04 07:29:14'),
(237, 2, 7.00, '2023-04-28 17:00:00', '2023-06-04 07:29:14', '2023-06-04 07:29:14'),
(238, 2, 11.00, '2023-04-28 23:00:00', '2023-06-04 07:29:14', '2023-06-04 07:29:14'),
(239, 2, 7.00, '2023-04-29 05:00:00', '2023-06-04 07:29:14', '2023-06-04 07:29:14'),
(240, 2, 7.00, '2023-04-29 11:00:00', '2023-06-04 07:29:14', '2023-06-04 07:29:14'),
(241, 2, 8.00, '2023-04-29 17:00:00', '2023-06-04 07:29:14', '2023-06-04 07:29:14'),
(242, 2, 7.00, '2023-04-29 23:00:00', '2023-06-04 07:29:14', '2023-06-04 07:29:14'),
(243, 2, 8.00, '2023-04-30 05:00:00', '2023-06-04 07:29:14', '2023-06-04 07:29:14'),
(244, 2, 9.00, '2023-04-30 11:00:00', '2023-06-04 07:29:14', '2023-06-04 07:29:14'),
(245, 2, 7.00, '2023-04-30 17:00:00', '2023-06-04 07:29:14', '2023-06-04 07:29:14'),
(246, 2, 8.00, '2023-04-30 23:00:00', '2023-06-04 07:29:14', '2023-06-04 07:29:14'),
(247, 2, 7.00, '2023-05-01 05:00:00', '2023-06-04 07:29:14', '2023-06-04 07:29:14'),
(248, 2, 10.00, '2023-05-01 11:00:00', '2023-06-04 07:29:14', '2023-06-04 07:29:14'),
(249, 2, 9.00, '2023-05-01 17:00:00', '2023-06-04 07:29:14', '2023-06-04 07:29:14'),
(250, 2, 9.00, '2023-05-01 23:00:00', '2023-06-04 07:29:14', '2023-06-04 07:29:14'),
(251, 2, 7.00, '2023-05-02 05:00:00', '2023-06-04 07:29:14', '2023-06-04 07:29:14'),
(252, 2, 8.00, '2023-05-02 11:00:00', '2023-06-04 07:29:14', '2023-06-04 07:29:14'),
(253, 2, 12.00, '2023-05-02 17:00:00', '2023-06-04 07:29:14', '2023-06-04 07:29:14'),
(254, 2, 13.00, '2023-05-02 23:00:00', '2023-06-04 07:29:14', '2023-06-04 07:29:14'),
(255, 2, 11.00, '2023-05-03 05:00:00', '2023-06-04 07:29:14', '2023-06-04 07:29:14'),
(256, 2, 12.00, '2023-05-03 11:00:00', '2023-06-04 07:29:14', '2023-06-04 07:29:14'),
(257, 2, 12.00, '2023-05-03 17:00:00', '2023-06-04 07:29:14', '2023-06-04 07:29:14'),
(258, 2, 8.00, '2023-05-03 23:00:00', '2023-06-04 07:29:14', '2023-06-04 07:29:14'),
(259, 2, 13.00, '2023-05-04 05:00:00', '2023-06-04 07:29:14', '2023-06-04 07:29:14'),
(260, 2, 11.00, '2023-05-04 11:00:00', '2023-06-04 07:29:14', '2023-06-04 07:29:14'),
(261, 2, 12.00, '2023-05-04 17:00:00', '2023-06-04 07:29:14', '2023-06-04 07:29:14'),
(262, 2, 9.00, '2023-05-04 23:00:00', '2023-06-04 07:29:14', '2023-06-04 07:29:14'),
(263, 2, 8.00, '2023-05-05 05:00:00', '2023-06-04 07:29:14', '2023-06-04 07:29:14'),
(264, 2, 8.00, '2023-05-05 11:00:00', '2023-06-04 07:29:14', '2023-06-04 07:29:14'),
(265, 2, 9.00, '2023-05-05 17:00:00', '2023-06-04 07:29:14', '2023-06-04 07:29:14'),
(266, 2, 13.00, '2023-05-05 23:00:00', '2023-06-04 07:29:14', '2023-06-04 07:29:14'),
(267, 2, 11.00, '2023-05-06 05:00:00', '2023-06-04 07:29:14', '2023-06-04 07:29:14'),
(268, 2, 11.00, '2023-05-06 11:00:00', '2023-06-04 07:29:14', '2023-06-04 07:29:14'),
(269, 2, 12.00, '2023-05-06 17:00:00', '2023-06-04 07:29:14', '2023-06-04 07:29:14'),
(270, 2, 9.00, '2023-05-06 23:00:00', '2023-06-04 07:29:14', '2023-06-04 07:29:14'),
(271, 2, 10.00, '2023-05-07 05:00:00', '2023-06-04 07:29:14', '2023-06-04 07:29:14'),
(272, 2, 11.00, '2023-05-07 11:00:00', '2023-06-04 07:29:14', '2023-06-04 07:29:14'),
(273, 2, 11.00, '2023-05-07 17:00:00', '2023-06-04 07:29:14', '2023-06-04 07:29:14'),
(274, 2, 8.00, '2023-05-07 23:00:00', '2023-06-04 07:29:14', '2023-06-04 07:29:14'),
(275, 2, 7.00, '2023-05-08 05:00:00', '2023-06-04 07:29:14', '2023-06-04 07:29:14'),
(276, 2, 8.00, '2023-05-08 11:00:00', '2023-06-04 07:29:14', '2023-06-04 07:29:14'),
(277, 2, 12.00, '2023-05-08 17:00:00', '2023-06-04 07:29:14', '2023-06-04 07:29:14'),
(278, 2, 9.00, '2023-05-08 23:00:00', '2023-06-04 07:29:14', '2023-06-04 07:29:14'),
(279, 2, 12.00, '2023-05-09 05:00:00', '2023-06-04 07:29:14', '2023-06-04 07:29:14'),
(280, 2, 12.00, '2023-05-09 11:00:00', '2023-06-04 07:29:14', '2023-06-04 07:29:14'),
(281, 2, 10.00, '2023-05-09 17:00:00', '2023-06-04 07:29:14', '2023-06-04 07:29:14'),
(282, 2, 10.00, '2023-05-09 23:00:00', '2023-06-04 07:29:14', '2023-06-04 07:29:14'),
(283, 2, 9.00, '2023-05-10 05:00:00', '2023-06-04 07:29:14', '2023-06-04 07:29:14'),
(284, 2, 7.00, '2023-05-10 11:00:00', '2023-06-04 07:29:14', '2023-06-04 07:29:14'),
(285, 2, 9.00, '2023-05-10 17:00:00', '2023-06-04 07:29:14', '2023-06-04 07:29:14'),
(286, 2, 8.00, '2023-05-10 23:00:00', '2023-06-04 07:29:14', '2023-06-04 07:29:14'),
(287, 2, 9.00, '2023-05-11 05:00:00', '2023-06-04 07:29:14', '2023-06-04 07:29:14'),
(288, 2, 7.00, '2023-05-11 11:00:00', '2023-06-04 07:29:14', '2023-06-04 07:29:14'),
(289, 2, 13.00, '2023-05-11 17:00:00', '2023-06-04 07:29:14', '2023-06-04 07:29:14'),
(290, 2, 8.00, '2023-05-11 23:00:00', '2023-06-04 07:29:14', '2023-06-04 07:29:14'),
(291, 2, 13.00, '2023-05-12 05:00:00', '2023-06-04 07:29:14', '2023-06-04 07:29:14'),
(292, 2, 12.00, '2023-05-12 11:00:00', '2023-06-04 07:29:14', '2023-06-04 07:29:14'),
(293, 2, 13.00, '2023-05-12 17:00:00', '2023-06-04 07:29:14', '2023-06-04 07:29:14'),
(294, 2, 13.00, '2023-05-12 23:00:00', '2023-06-04 07:29:14', '2023-06-04 07:29:14'),
(295, 2, 9.00, '2023-05-13 05:00:00', '2023-06-04 07:29:14', '2023-06-04 07:29:14'),
(296, 2, 11.00, '2023-05-13 11:00:00', '2023-06-04 07:29:14', '2023-06-04 07:29:14'),
(297, 2, 12.00, '2023-05-13 17:00:00', '2023-06-04 07:29:14', '2023-06-04 07:29:14'),
(298, 2, 12.00, '2023-05-13 23:00:00', '2023-06-04 07:29:14', '2023-06-04 07:29:14'),
(299, 2, 7.00, '2023-05-14 05:00:00', '2023-06-04 07:29:14', '2023-06-04 07:29:14'),
(300, 2, 8.00, '2023-05-14 11:00:00', '2023-06-04 07:29:14', '2023-06-04 07:29:14'),
(301, 2, 12.00, '2023-05-14 17:00:00', '2023-06-04 07:29:14', '2023-06-04 07:29:14'),
(302, 2, 9.00, '2023-05-14 23:00:00', '2023-06-04 07:29:14', '2023-06-04 07:29:14'),
(303, 2, 10.00, '2023-05-15 05:00:00', '2023-06-04 07:29:14', '2023-06-04 07:29:14'),
(304, 2, 7.00, '2023-05-15 11:00:00', '2023-06-04 07:29:14', '2023-06-04 07:29:14'),
(305, 2, 9.00, '2023-05-15 17:00:00', '2023-06-04 07:29:14', '2023-06-04 07:29:14'),
(306, 2, 11.00, '2023-05-15 23:00:00', '2023-06-04 07:29:14', '2023-06-04 07:29:14'),
(307, 2, 13.00, '2023-05-16 05:00:00', '2023-06-04 07:29:14', '2023-06-04 07:29:14'),
(308, 2, 10.00, '2023-05-16 11:00:00', '2023-06-04 07:29:14', '2023-06-04 07:29:14'),
(309, 2, 10.00, '2023-05-16 17:00:00', '2023-06-04 07:29:14', '2023-06-04 07:29:14'),
(310, 2, 11.00, '2023-05-16 23:00:00', '2023-06-04 07:29:14', '2023-06-04 07:29:14'),
(311, 2, 9.00, '2023-05-17 05:00:00', '2023-06-04 07:29:14', '2023-06-04 07:29:14'),
(312, 2, 11.00, '2023-05-17 11:00:00', '2023-06-04 07:29:14', '2023-06-04 07:29:14'),
(313, 2, 7.00, '2023-05-17 17:00:00', '2023-06-04 07:29:14', '2023-06-04 07:29:14'),
(314, 2, 11.00, '2023-05-17 23:00:00', '2023-06-04 07:29:14', '2023-06-04 07:29:14'),
(315, 2, 13.00, '2023-05-18 05:00:00', '2023-06-04 07:29:14', '2023-06-04 07:29:14'),
(316, 2, 11.00, '2023-05-18 11:00:00', '2023-06-04 07:29:14', '2023-06-04 07:29:14'),
(317, 2, 7.00, '2023-05-18 17:00:00', '2023-06-04 07:29:14', '2023-06-04 07:29:14'),
(318, 2, 9.00, '2023-05-18 23:00:00', '2023-06-04 07:29:14', '2023-06-04 07:29:14'),
(319, 2, 9.00, '2023-05-19 05:00:00', '2023-06-04 07:29:14', '2023-06-04 07:29:14'),
(320, 2, 9.00, '2023-05-19 11:00:00', '2023-06-04 07:29:14', '2023-06-04 07:29:14'),
(321, 2, 13.00, '2023-05-19 17:00:00', '2023-06-04 07:29:14', '2023-06-04 07:29:14'),
(322, 2, 12.00, '2023-05-19 23:00:00', '2023-06-04 07:29:14', '2023-06-04 07:29:14'),
(323, 2, 13.00, '2023-05-20 05:00:00', '2023-06-04 07:29:14', '2023-06-04 07:29:14'),
(324, 2, 10.00, '2023-05-20 11:00:00', '2023-06-04 07:29:14', '2023-06-04 07:29:14'),
(325, 2, 12.00, '2023-05-20 17:00:00', '2023-06-04 07:29:14', '2023-06-04 07:29:14'),
(326, 2, 10.00, '2023-05-20 23:00:00', '2023-06-04 07:29:14', '2023-06-04 07:29:14'),
(327, 2, 11.00, '2023-05-21 05:00:00', '2023-06-04 07:29:14', '2023-06-04 07:29:14'),
(328, 2, 13.00, '2023-05-21 11:00:00', '2023-06-04 07:29:14', '2023-06-04 07:29:14'),
(329, 2, 9.00, '2023-05-21 17:00:00', '2023-06-04 07:29:14', '2023-06-04 07:29:14'),
(330, 2, 12.00, '2023-05-21 23:00:00', '2023-06-04 07:29:14', '2023-06-04 07:29:14'),
(331, 2, 9.00, '2023-05-22 05:00:00', '2023-06-04 07:29:14', '2023-06-04 07:29:14'),
(332, 2, 11.00, '2023-05-22 11:00:00', '2023-06-04 07:29:14', '2023-06-04 07:29:14'),
(333, 2, 10.00, '2023-05-22 17:00:00', '2023-06-04 07:29:14', '2023-06-04 07:29:14'),
(334, 2, 9.00, '2023-05-22 23:00:00', '2023-06-04 07:29:14', '2023-06-04 07:29:14'),
(335, 2, 11.00, '2023-05-23 05:00:00', '2023-06-04 07:29:14', '2023-06-04 07:29:14'),
(336, 2, 9.00, '2023-05-23 11:00:00', '2023-06-04 07:29:14', '2023-06-04 07:29:14'),
(337, 2, 7.00, '2023-05-23 17:00:00', '2023-06-04 07:29:14', '2023-06-04 07:29:14'),
(338, 2, 8.00, '2023-05-23 23:00:00', '2023-06-04 07:29:14', '2023-06-04 07:29:14'),
(339, 2, 8.00, '2023-05-24 05:00:00', '2023-06-04 07:29:14', '2023-06-04 07:29:14'),
(340, 2, 8.00, '2023-05-24 11:00:00', '2023-06-04 07:29:14', '2023-06-04 07:29:14'),
(341, 2, 13.00, '2023-05-24 17:00:00', '2023-06-04 07:29:14', '2023-06-04 07:29:14'),
(342, 2, 9.00, '2023-05-24 23:00:00', '2023-06-04 07:29:14', '2023-06-04 07:29:14'),
(343, 2, 12.00, '2023-05-25 05:00:00', '2023-06-04 07:29:14', '2023-06-04 07:29:14'),
(344, 2, 11.00, '2023-05-25 11:00:00', '2023-06-04 07:29:14', '2023-06-04 07:29:14'),
(345, 2, 12.00, '2023-05-25 17:00:00', '2023-06-04 07:29:14', '2023-06-04 07:29:14'),
(346, 2, 12.00, '2023-05-25 23:00:00', '2023-06-04 07:29:14', '2023-06-04 07:29:14'),
(347, 2, 13.00, '2023-05-26 05:00:00', '2023-06-04 07:29:14', '2023-06-04 07:29:14'),
(348, 2, 12.00, '2023-05-26 11:00:00', '2023-06-04 07:29:14', '2023-06-04 07:29:14'),
(349, 2, 9.00, '2023-05-26 17:00:00', '2023-06-04 07:29:14', '2023-06-04 07:29:14'),
(350, 2, 13.00, '2023-05-26 23:00:00', '2023-06-04 07:29:14', '2023-06-04 07:29:14'),
(351, 2, 8.00, '2023-05-27 05:00:00', '2023-06-04 07:29:14', '2023-06-04 07:29:14'),
(352, 2, 11.00, '2023-05-27 11:00:00', '2023-06-04 07:29:14', '2023-06-04 07:29:14'),
(353, 2, 12.00, '2023-05-27 17:00:00', '2023-06-04 07:29:14', '2023-06-04 07:29:14'),
(354, 2, 7.00, '2023-05-27 23:00:00', '2023-06-04 07:29:14', '2023-06-04 07:29:14'),
(355, 2, 12.00, '2023-05-28 05:00:00', '2023-06-04 07:29:14', '2023-06-04 07:29:14'),
(356, 2, 13.00, '2023-05-28 11:00:00', '2023-06-04 07:29:14', '2023-06-04 07:29:14'),
(357, 2, 11.00, '2023-05-28 17:00:00', '2023-06-04 07:29:14', '2023-06-04 07:29:14'),
(358, 2, 10.00, '2023-05-28 23:00:00', '2023-06-04 07:29:14', '2023-06-04 07:29:14'),
(359, 2, 8.00, '2023-05-29 05:00:00', '2023-06-04 07:29:14', '2023-06-04 07:29:14'),
(360, 2, 7.00, '2023-05-29 11:00:00', '2023-06-04 07:29:14', '2023-06-04 07:29:14'),
(361, 2, 13.00, '2023-05-29 17:00:00', '2023-06-04 07:29:14', '2023-06-04 07:29:14'),
(362, 2, 8.00, '2023-05-29 23:00:00', '2023-06-04 07:29:14', '2023-06-04 07:29:14'),
(363, 2, 12.00, '2023-05-30 05:00:00', '2023-06-04 07:29:14', '2023-06-04 07:29:14'),
(364, 2, 12.00, '2023-05-30 11:00:00', '2023-06-04 07:29:14', '2023-06-04 07:29:14'),
(365, 2, 10.00, '2023-05-30 17:00:00', '2023-06-04 07:29:14', '2023-06-04 07:29:14'),
(366, 2, 12.00, '2023-05-30 23:00:00', '2023-06-04 07:29:14', '2023-06-04 07:29:14'),
(367, 2, 10.00, '2023-05-31 05:00:00', '2023-06-04 07:29:14', '2023-06-04 07:29:14'),
(368, 2, 11.00, '2023-05-31 11:00:00', '2023-06-04 07:29:14', '2023-06-04 07:29:14'),
(369, 2, 11.00, '2023-05-31 17:00:00', '2023-06-04 07:29:14', '2023-06-04 07:29:14'),
(370, 2, 13.00, '2023-05-31 23:00:00', '2023-06-04 07:29:14', '2023-06-04 07:29:14'),
(371, 2, 9.00, '2023-06-01 05:00:00', '2023-06-04 07:29:14', '2023-06-04 07:29:14'),
(372, 2, 9.00, '2023-06-01 11:00:00', '2023-06-04 07:29:14', '2023-06-04 07:29:14'),
(373, 2, 12.00, '2023-06-05 13:09:00', '2023-06-05 06:09:46', '2023-06-05 06:09:46'),
(374, 2, 124.00, '2023-06-05 13:12:00', '2023-06-05 06:12:43', '2023-06-05 06:13:31'),
(375, 4, 9.00, '2023-06-05 14:53:00', '2023-06-05 14:53:13', '2023-06-05 14:53:46');

-- --------------------------------------------------------

--
-- Table structure for table `kelembaban`
--

CREATE TABLE `kelembaban` (
  `id_kelembaban` bigint(20) UNSIGNED NOT NULL,
  `kelembaban` double(8,2) NOT NULL,
  `waktu` timestamp NULL DEFAULT NULL,
  `id_alat` bigint(20) UNSIGNED NOT NULL,
  `created_at` timestamp NULL DEFAULT NULL,
  `updated_at` timestamp NULL DEFAULT NULL
) ENGINE=InnoDB DEFAULT CHARSET=utf8mb4 COLLATE=utf8mb4_unicode_ci;

--
-- Dumping data for table `kelembaban`
--

INSERT INTO `kelembaban` (`id_kelembaban`, `kelembaban`, `waktu`, `id_alat`, `created_at`, `updated_at`) VALUES
(1, 75.00, '2023-02-28 17:00:00', 2, '2023-06-04 07:13:45', '2023-06-04 07:13:45'),
(2, 79.00, '2023-02-28 23:00:00', 2, '2023-06-04 07:13:45', '2023-06-04 07:13:45'),
(3, 79.00, '2023-03-01 05:00:00', 2, '2023-06-04 07:13:45', '2023-06-04 07:13:45'),
(4, 77.00, '2023-03-01 11:00:00', 2, '2023-06-04 07:13:45', '2023-06-04 07:13:45'),
(5, 77.00, '2023-03-01 17:00:00', 2, '2023-06-04 07:13:45', '2023-06-04 07:13:45'),
(6, 83.00, '2023-03-01 23:00:00', 2, '2023-06-04 07:13:45', '2023-06-04 07:13:45'),
(7, 81.00, '2023-03-02 05:00:00', 2, '2023-06-04 07:13:45', '2023-06-04 07:13:45'),
(8, 85.00, '2023-03-02 11:00:00', 2, '2023-06-04 07:13:45', '2023-06-04 07:13:45'),
(9, 75.00, '2023-03-02 17:00:00', 2, '2023-06-04 07:13:45', '2023-06-04 07:13:45'),
(10, 80.00, '2023-03-02 23:00:00', 2, '2023-06-04 07:13:45', '2023-06-04 07:13:45'),
(11, 80.00, '2023-03-03 05:00:00', 2, '2023-06-04 07:13:45', '2023-06-04 07:13:45'),
(12, 82.00, '2023-03-03 11:00:00', 2, '2023-06-04 07:13:45', '2023-06-04 07:13:45'),
(13, 78.00, '2023-03-03 17:00:00', 2, '2023-06-04 07:13:45', '2023-06-04 07:13:45'),
(14, 82.00, '2023-03-03 23:00:00', 2, '2023-06-04 07:13:45', '2023-06-04 07:13:45'),
(15, 79.00, '2023-03-04 05:00:00', 2, '2023-06-04 07:13:45', '2023-06-04 07:13:45'),
(16, 84.00, '2023-03-04 11:00:00', 2, '2023-06-04 07:13:45', '2023-06-04 07:13:45'),
(17, 82.00, '2023-03-04 17:00:00', 2, '2023-06-04 07:13:45', '2023-06-04 07:13:45'),
(18, 75.00, '2023-03-04 23:00:00', 2, '2023-06-04 07:13:45', '2023-06-04 07:13:45'),
(19, 81.00, '2023-03-05 05:00:00', 2, '2023-06-04 07:13:45', '2023-06-04 07:13:45'),
(20, 85.00, '2023-03-05 11:00:00', 2, '2023-06-04 07:13:45', '2023-06-04 07:13:45'),
(21, 77.00, '2023-03-05 17:00:00', 2, '2023-06-04 07:13:45', '2023-06-04 07:13:45'),
(22, 81.00, '2023-03-05 23:00:00', 2, '2023-06-04 07:13:45', '2023-06-04 07:13:45'),
(23, 82.00, '2023-03-06 05:00:00', 2, '2023-06-04 07:13:45', '2023-06-04 07:13:45'),
(24, 81.00, '2023-03-06 11:00:00', 2, '2023-06-04 07:13:45', '2023-06-04 07:13:45'),
(25, 78.00, '2023-03-06 17:00:00', 2, '2023-06-04 07:13:45', '2023-06-04 07:13:45'),
(26, 81.00, '2023-03-06 23:00:00', 2, '2023-06-04 07:13:45', '2023-06-04 07:13:45'),
(27, 76.00, '2023-03-07 05:00:00', 2, '2023-06-04 07:13:45', '2023-06-04 07:13:45'),
(28, 78.00, '2023-03-07 11:00:00', 2, '2023-06-04 07:13:45', '2023-06-04 07:13:45'),
(29, 77.00, '2023-03-07 17:00:00', 2, '2023-06-04 07:13:45', '2023-06-04 07:13:45'),
(30, 85.00, '2023-03-07 23:00:00', 2, '2023-06-04 07:13:45', '2023-06-04 07:13:45'),
(31, 77.00, '2023-03-08 05:00:00', 2, '2023-06-04 07:13:45', '2023-06-04 07:13:45'),
(32, 80.00, '2023-03-08 11:00:00', 2, '2023-06-04 07:13:45', '2023-06-04 07:13:45'),
(33, 81.00, '2023-03-08 17:00:00', 2, '2023-06-04 07:13:45', '2023-06-04 07:13:45'),
(34, 84.00, '2023-03-08 23:00:00', 2, '2023-06-04 07:13:45', '2023-06-04 07:13:45'),
(35, 78.00, '2023-03-09 05:00:00', 2, '2023-06-04 07:13:45', '2023-06-04 07:13:45'),
(36, 85.00, '2023-03-09 11:00:00', 2, '2023-06-04 07:13:45', '2023-06-04 07:13:45'),
(37, 77.00, '2023-03-09 17:00:00', 2, '2023-06-04 07:13:45', '2023-06-04 07:13:45'),
(38, 82.00, '2023-03-09 23:00:00', 2, '2023-06-04 07:13:45', '2023-06-04 07:13:45'),
(39, 78.00, '2023-03-10 05:00:00', 2, '2023-06-04 07:13:45', '2023-06-04 07:13:45'),
(40, 77.00, '2023-03-10 11:00:00', 2, '2023-06-04 07:13:45', '2023-06-04 07:13:45'),
(41, 80.00, '2023-03-10 17:00:00', 2, '2023-06-04 07:13:45', '2023-06-04 07:13:45'),
(42, 81.00, '2023-03-10 23:00:00', 2, '2023-06-04 07:13:45', '2023-06-04 07:13:45'),
(43, 76.00, '2023-03-11 05:00:00', 2, '2023-06-04 07:13:45', '2023-06-04 07:13:45'),
(44, 84.00, '2023-03-11 11:00:00', 2, '2023-06-04 07:13:45', '2023-06-04 07:13:45'),
(45, 85.00, '2023-03-11 17:00:00', 2, '2023-06-04 07:13:45', '2023-06-04 07:13:45'),
(46, 77.00, '2023-03-11 23:00:00', 2, '2023-06-04 07:13:45', '2023-06-04 07:13:45'),
(47, 78.00, '2023-03-12 05:00:00', 2, '2023-06-04 07:13:45', '2023-06-04 07:13:45'),
(48, 84.00, '2023-03-12 11:00:00', 2, '2023-06-04 07:13:45', '2023-06-04 07:13:45'),
(49, 76.00, '2023-03-12 17:00:00', 2, '2023-06-04 07:13:45', '2023-06-04 07:13:45'),
(50, 78.00, '2023-03-12 23:00:00', 2, '2023-06-04 07:13:45', '2023-06-04 07:13:45'),
(51, 84.00, '2023-03-13 05:00:00', 2, '2023-06-04 07:13:45', '2023-06-04 07:13:45'),
(52, 76.00, '2023-03-13 11:00:00', 2, '2023-06-04 07:13:45', '2023-06-04 07:13:45'),
(53, 80.00, '2023-03-13 17:00:00', 2, '2023-06-04 07:13:45', '2023-06-04 07:13:45'),
(54, 82.00, '2023-03-13 23:00:00', 2, '2023-06-04 07:13:45', '2023-06-04 07:13:45'),
(55, 83.00, '2023-03-14 05:00:00', 2, '2023-06-04 07:13:45', '2023-06-04 07:13:45'),
(56, 82.00, '2023-03-14 11:00:00', 2, '2023-06-04 07:13:45', '2023-06-04 07:13:45'),
(57, 79.00, '2023-03-14 17:00:00', 2, '2023-06-04 07:13:45', '2023-06-04 07:13:45'),
(58, 80.00, '2023-03-14 23:00:00', 2, '2023-06-04 07:13:45', '2023-06-04 07:13:45'),
(59, 77.00, '2023-03-15 05:00:00', 2, '2023-06-04 07:13:45', '2023-06-04 07:13:45'),
(60, 76.00, '2023-03-15 11:00:00', 2, '2023-06-04 07:13:45', '2023-06-04 07:13:45'),
(61, 77.00, '2023-03-15 17:00:00', 2, '2023-06-04 07:13:45', '2023-06-04 07:13:45'),
(62, 81.00, '2023-03-15 23:00:00', 2, '2023-06-04 07:13:45', '2023-06-04 07:13:45'),
(63, 76.00, '2023-03-16 05:00:00', 2, '2023-06-04 07:13:45', '2023-06-04 07:13:45'),
(64, 81.00, '2023-03-16 11:00:00', 2, '2023-06-04 07:13:45', '2023-06-04 07:13:45'),
(65, 76.00, '2023-03-16 17:00:00', 2, '2023-06-04 07:13:45', '2023-06-04 07:13:45'),
(66, 75.00, '2023-03-16 23:00:00', 2, '2023-06-04 07:13:45', '2023-06-04 07:13:45'),
(67, 79.00, '2023-03-17 05:00:00', 2, '2023-06-04 07:13:45', '2023-06-04 07:13:45'),
(68, 82.00, '2023-03-17 11:00:00', 2, '2023-06-04 07:13:45', '2023-06-04 07:13:45'),
(69, 83.00, '2023-03-17 17:00:00', 2, '2023-06-04 07:13:45', '2023-06-04 07:13:45'),
(70, 82.00, '2023-03-17 23:00:00', 2, '2023-06-04 07:13:45', '2023-06-04 07:13:45'),
(71, 82.00, '2023-03-18 05:00:00', 2, '2023-06-04 07:13:45', '2023-06-04 07:13:45'),
(72, 84.00, '2023-03-18 11:00:00', 2, '2023-06-04 07:13:45', '2023-06-04 07:13:45'),
(73, 78.00, '2023-03-18 17:00:00', 2, '2023-06-04 07:13:45', '2023-06-04 07:13:45'),
(74, 76.00, '2023-03-18 23:00:00', 2, '2023-06-04 07:13:45', '2023-06-04 07:13:45'),
(75, 79.00, '2023-03-19 05:00:00', 2, '2023-06-04 07:13:45', '2023-06-04 07:13:45'),
(76, 83.00, '2023-03-19 11:00:00', 2, '2023-06-04 07:13:45', '2023-06-04 07:13:45'),
(77, 84.00, '2023-03-19 17:00:00', 2, '2023-06-04 07:13:45', '2023-06-04 07:13:45'),
(78, 84.00, '2023-03-19 23:00:00', 2, '2023-06-04 07:13:45', '2023-06-04 07:13:45'),
(79, 77.00, '2023-03-20 05:00:00', 2, '2023-06-04 07:13:45', '2023-06-04 07:13:45'),
(80, 77.00, '2023-03-20 11:00:00', 2, '2023-06-04 07:13:45', '2023-06-04 07:13:45'),
(81, 84.00, '2023-03-20 17:00:00', 2, '2023-06-04 07:13:45', '2023-06-04 07:13:45'),
(82, 85.00, '2023-03-20 23:00:00', 2, '2023-06-04 07:13:45', '2023-06-04 07:13:45'),
(83, 84.00, '2023-03-21 05:00:00', 2, '2023-06-04 07:13:45', '2023-06-04 07:13:45'),
(84, 85.00, '2023-03-21 11:00:00', 2, '2023-06-04 07:13:45', '2023-06-04 07:13:45'),
(85, 82.00, '2023-03-21 17:00:00', 2, '2023-06-04 07:13:45', '2023-06-04 07:13:45'),
(86, 81.00, '2023-03-21 23:00:00', 2, '2023-06-04 07:13:45', '2023-06-04 07:13:45'),
(87, 81.00, '2023-03-22 05:00:00', 2, '2023-06-04 07:13:45', '2023-06-04 07:13:45'),
(88, 80.00, '2023-03-22 11:00:00', 2, '2023-06-04 07:13:45', '2023-06-04 07:13:45'),
(89, 79.00, '2023-03-22 17:00:00', 2, '2023-06-04 07:13:45', '2023-06-04 07:13:45'),
(90, 75.00, '2023-03-22 23:00:00', 2, '2023-06-04 07:13:45', '2023-06-04 07:13:45'),
(91, 77.00, '2023-03-23 05:00:00', 2, '2023-06-04 07:13:45', '2023-06-04 07:13:45'),
(92, 83.00, '2023-03-23 11:00:00', 2, '2023-06-04 07:13:45', '2023-06-04 07:13:45'),
(93, 85.00, '2023-03-23 17:00:00', 2, '2023-06-04 07:13:45', '2023-06-04 07:13:45'),
(94, 77.00, '2023-03-23 23:00:00', 2, '2023-06-04 07:13:45', '2023-06-04 07:13:45'),
(95, 82.00, '2023-03-24 05:00:00', 2, '2023-06-04 07:13:45', '2023-06-04 07:13:45'),
(96, 82.00, '2023-03-24 11:00:00', 2, '2023-06-04 07:13:45', '2023-06-04 07:13:45'),
(97, 84.00, '2023-03-24 17:00:00', 2, '2023-06-04 07:13:45', '2023-06-04 07:13:45'),
(98, 76.00, '2023-03-24 23:00:00', 2, '2023-06-04 07:13:45', '2023-06-04 07:13:45'),
(99, 75.00, '2023-03-25 05:00:00', 2, '2023-06-04 07:13:45', '2023-06-04 07:13:45'),
(100, 76.00, '2023-03-25 11:00:00', 2, '2023-06-04 07:13:45', '2023-06-04 07:13:45'),
(101, 77.00, '2023-03-25 17:00:00', 2, '2023-06-04 07:13:45', '2023-06-04 07:13:45'),
(102, 80.00, '2023-03-25 23:00:00', 2, '2023-06-04 07:13:45', '2023-06-04 07:13:45'),
(103, 85.00, '2023-03-26 05:00:00', 2, '2023-06-04 07:13:45', '2023-06-04 07:13:45'),
(104, 76.00, '2023-03-26 11:00:00', 2, '2023-06-04 07:13:45', '2023-06-04 07:13:45'),
(105, 82.00, '2023-03-26 17:00:00', 2, '2023-06-04 07:13:45', '2023-06-04 07:13:45'),
(106, 79.00, '2023-03-26 23:00:00', 2, '2023-06-04 07:13:45', '2023-06-04 07:13:45'),
(107, 84.00, '2023-03-27 05:00:00', 2, '2023-06-04 07:13:45', '2023-06-04 07:13:45'),
(108, 78.00, '2023-03-27 11:00:00', 2, '2023-06-04 07:13:45', '2023-06-04 07:13:45'),
(109, 81.00, '2023-03-27 17:00:00', 2, '2023-06-04 07:13:45', '2023-06-04 07:13:45'),
(110, 83.00, '2023-03-27 23:00:00', 2, '2023-06-04 07:13:45', '2023-06-04 07:13:45'),
(111, 76.00, '2023-03-28 05:00:00', 2, '2023-06-04 07:13:45', '2023-06-04 07:13:45'),
(112, 85.00, '2023-03-28 11:00:00', 2, '2023-06-04 07:13:45', '2023-06-04 07:13:45'),
(113, 77.00, '2023-03-28 17:00:00', 2, '2023-06-04 07:13:45', '2023-06-04 07:13:45'),
(114, 81.00, '2023-03-28 23:00:00', 2, '2023-06-04 07:13:45', '2023-06-04 07:13:45'),
(115, 78.00, '2023-03-29 05:00:00', 2, '2023-06-04 07:13:45', '2023-06-04 07:13:45'),
(116, 80.00, '2023-03-29 11:00:00', 2, '2023-06-04 07:13:45', '2023-06-04 07:13:45'),
(117, 75.00, '2023-03-29 17:00:00', 2, '2023-06-04 07:13:45', '2023-06-04 07:13:45'),
(118, 76.00, '2023-03-29 23:00:00', 2, '2023-06-04 07:13:45', '2023-06-04 07:13:45'),
(119, 82.00, '2023-03-30 05:00:00', 2, '2023-06-04 07:13:45', '2023-06-04 07:13:45'),
(120, 80.00, '2023-03-30 11:00:00', 2, '2023-06-04 07:13:45', '2023-06-04 07:13:45'),
(121, 78.00, '2023-03-30 17:00:00', 2, '2023-06-04 07:13:45', '2023-06-04 07:13:45'),
(122, 79.00, '2023-03-30 23:00:00', 2, '2023-06-04 07:13:45', '2023-06-04 07:13:45'),
(123, 75.00, '2023-03-31 05:00:00', 2, '2023-06-04 07:13:45', '2023-06-04 07:13:45'),
(124, 77.00, '2023-03-31 11:00:00', 2, '2023-06-04 07:13:45', '2023-06-04 07:13:45'),
(125, 79.00, '2023-03-31 17:00:00', 2, '2023-06-04 07:13:45', '2023-06-04 07:13:45'),
(126, 75.00, '2023-03-31 23:00:00', 2, '2023-06-04 07:13:45', '2023-06-04 07:13:45'),
(127, 75.00, '2023-04-01 05:00:00', 2, '2023-06-04 07:13:45', '2023-06-04 07:13:45'),
(128, 80.00, '2023-04-01 11:00:00', 2, '2023-06-04 07:13:45', '2023-06-04 07:13:45'),
(129, 77.00, '2023-04-01 17:00:00', 2, '2023-06-04 07:13:45', '2023-06-04 07:13:45'),
(130, 85.00, '2023-04-01 23:00:00', 2, '2023-06-04 07:13:45', '2023-06-04 07:13:45'),
(131, 81.00, '2023-04-02 05:00:00', 2, '2023-06-04 07:13:45', '2023-06-04 07:13:45'),
(132, 78.00, '2023-04-02 11:00:00', 2, '2023-06-04 07:13:45', '2023-06-04 07:13:45'),
(133, 75.00, '2023-04-02 17:00:00', 2, '2023-06-04 07:13:45', '2023-06-04 07:13:45'),
(134, 79.00, '2023-04-02 23:00:00', 2, '2023-06-04 07:13:45', '2023-06-04 07:13:45'),
(135, 79.00, '2023-04-03 05:00:00', 2, '2023-06-04 07:13:45', '2023-06-04 07:13:45'),
(136, 77.00, '2023-04-03 11:00:00', 2, '2023-06-04 07:13:45', '2023-06-04 07:13:45'),
(137, 77.00, '2023-04-03 17:00:00', 2, '2023-06-04 07:13:45', '2023-06-04 07:13:45'),
(138, 76.00, '2023-04-03 23:00:00', 2, '2023-06-04 07:13:45', '2023-06-04 07:13:45'),
(139, 76.00, '2023-04-04 05:00:00', 2, '2023-06-04 07:13:45', '2023-06-04 07:13:45'),
(140, 82.00, '2023-04-04 11:00:00', 2, '2023-06-04 07:13:45', '2023-06-04 07:13:45'),
(141, 77.00, '2023-04-04 17:00:00', 2, '2023-06-04 07:13:45', '2023-06-04 07:13:45'),
(142, 82.00, '2023-04-04 23:00:00', 2, '2023-06-04 07:13:45', '2023-06-04 07:13:45'),
(143, 82.00, '2023-04-05 05:00:00', 2, '2023-06-04 07:13:45', '2023-06-04 07:13:45'),
(144, 77.00, '2023-04-05 11:00:00', 2, '2023-06-04 07:13:45', '2023-06-04 07:13:45'),
(145, 75.00, '2023-04-05 17:00:00', 2, '2023-06-04 07:13:45', '2023-06-04 07:13:45'),
(146, 75.00, '2023-04-05 23:00:00', 2, '2023-06-04 07:13:45', '2023-06-04 07:13:45'),
(147, 78.00, '2023-04-06 05:00:00', 2, '2023-06-04 07:13:45', '2023-06-04 07:13:45'),
(148, 81.00, '2023-04-06 11:00:00', 2, '2023-06-04 07:13:45', '2023-06-04 07:13:45'),
(149, 75.00, '2023-04-06 17:00:00', 2, '2023-06-04 07:13:45', '2023-06-04 07:13:45'),
(150, 82.00, '2023-04-06 23:00:00', 2, '2023-06-04 07:13:45', '2023-06-04 07:13:45'),
(151, 85.00, '2023-04-07 05:00:00', 2, '2023-06-04 07:13:45', '2023-06-04 07:13:45'),
(152, 78.00, '2023-04-07 11:00:00', 2, '2023-06-04 07:13:45', '2023-06-04 07:13:45'),
(153, 76.00, '2023-04-07 17:00:00', 2, '2023-06-04 07:13:45', '2023-06-04 07:13:45'),
(154, 83.00, '2023-04-07 23:00:00', 2, '2023-06-04 07:13:45', '2023-06-04 07:13:45'),
(155, 75.00, '2023-04-08 05:00:00', 2, '2023-06-04 07:13:45', '2023-06-04 07:13:45'),
(156, 80.00, '2023-04-08 11:00:00', 2, '2023-06-04 07:13:45', '2023-06-04 07:13:45'),
(157, 83.00, '2023-04-08 17:00:00', 2, '2023-06-04 07:13:45', '2023-06-04 07:13:45'),
(158, 79.00, '2023-04-08 23:00:00', 2, '2023-06-04 07:13:45', '2023-06-04 07:13:45'),
(159, 75.00, '2023-04-09 05:00:00', 2, '2023-06-04 07:13:45', '2023-06-04 07:13:45'),
(160, 75.00, '2023-04-09 11:00:00', 2, '2023-06-04 07:13:45', '2023-06-04 07:13:45'),
(161, 76.00, '2023-04-09 17:00:00', 2, '2023-06-04 07:13:45', '2023-06-04 07:13:45'),
(162, 77.00, '2023-04-09 23:00:00', 2, '2023-06-04 07:13:45', '2023-06-04 07:13:45'),
(163, 82.00, '2023-04-10 05:00:00', 2, '2023-06-04 07:13:45', '2023-06-04 07:13:45'),
(164, 82.00, '2023-04-10 11:00:00', 2, '2023-06-04 07:13:45', '2023-06-04 07:13:45'),
(165, 85.00, '2023-04-10 17:00:00', 2, '2023-06-04 07:13:45', '2023-06-04 07:13:45'),
(166, 80.00, '2023-04-10 23:00:00', 2, '2023-06-04 07:13:45', '2023-06-04 07:13:45'),
(167, 79.00, '2023-04-11 05:00:00', 2, '2023-06-04 07:13:45', '2023-06-04 07:13:45'),
(168, 75.00, '2023-04-11 11:00:00', 2, '2023-06-04 07:13:45', '2023-06-04 07:13:45'),
(169, 83.00, '2023-04-11 17:00:00', 2, '2023-06-04 07:13:45', '2023-06-04 07:13:45'),
(170, 75.00, '2023-04-11 23:00:00', 2, '2023-06-04 07:13:45', '2023-06-04 07:13:45'),
(171, 80.00, '2023-04-12 05:00:00', 2, '2023-06-04 07:13:45', '2023-06-04 07:13:45'),
(172, 84.00, '2023-04-12 11:00:00', 2, '2023-06-04 07:13:45', '2023-06-04 07:13:45'),
(173, 79.00, '2023-04-12 17:00:00', 2, '2023-06-04 07:13:45', '2023-06-04 07:13:45'),
(174, 77.00, '2023-04-12 23:00:00', 2, '2023-06-04 07:13:45', '2023-06-04 07:13:45'),
(175, 83.00, '2023-04-13 05:00:00', 2, '2023-06-04 07:13:45', '2023-06-04 07:13:45'),
(176, 77.00, '2023-04-13 11:00:00', 2, '2023-06-04 07:13:45', '2023-06-04 07:13:45'),
(177, 76.00, '2023-04-13 17:00:00', 2, '2023-06-04 07:13:45', '2023-06-04 07:13:45'),
(178, 82.00, '2023-04-13 23:00:00', 2, '2023-06-04 07:13:45', '2023-06-04 07:13:45'),
(179, 82.00, '2023-04-14 05:00:00', 2, '2023-06-04 07:13:45', '2023-06-04 07:13:45'),
(180, 75.00, '2023-04-14 11:00:00', 2, '2023-06-04 07:13:45', '2023-06-04 07:13:45'),
(181, 83.00, '2023-04-14 17:00:00', 2, '2023-06-04 07:13:45', '2023-06-04 07:13:45'),
(182, 82.00, '2023-04-14 23:00:00', 2, '2023-06-04 07:13:45', '2023-06-04 07:13:45'),
(183, 78.00, '2023-04-15 05:00:00', 2, '2023-06-04 07:13:45', '2023-06-04 07:13:45'),
(184, 75.00, '2023-04-15 11:00:00', 2, '2023-06-04 07:13:45', '2023-06-04 07:13:45'),
(185, 80.00, '2023-04-15 17:00:00', 2, '2023-06-04 07:13:45', '2023-06-04 07:13:45'),
(186, 82.00, '2023-04-15 23:00:00', 2, '2023-06-04 07:13:45', '2023-06-04 07:13:45'),
(187, 79.00, '2023-04-16 05:00:00', 2, '2023-06-04 07:13:45', '2023-06-04 07:13:45'),
(188, 79.00, '2023-04-16 11:00:00', 2, '2023-06-04 07:13:45', '2023-06-04 07:13:45'),
(189, 80.00, '2023-04-16 17:00:00', 2, '2023-06-04 07:13:45', '2023-06-04 07:13:45'),
(190, 76.00, '2023-04-16 23:00:00', 2, '2023-06-04 07:13:45', '2023-06-04 07:13:45'),
(191, 85.00, '2023-04-17 05:00:00', 2, '2023-06-04 07:13:45', '2023-06-04 07:13:45'),
(192, 75.00, '2023-04-17 11:00:00', 2, '2023-06-04 07:13:45', '2023-06-04 07:13:45'),
(193, 84.00, '2023-04-17 17:00:00', 2, '2023-06-04 07:13:45', '2023-06-04 07:13:45'),
(194, 77.00, '2023-04-17 23:00:00', 2, '2023-06-04 07:13:45', '2023-06-04 07:13:45'),
(195, 77.00, '2023-04-18 05:00:00', 2, '2023-06-04 07:13:45', '2023-06-04 07:13:45'),
(196, 77.00, '2023-04-18 11:00:00', 2, '2023-06-04 07:13:45', '2023-06-04 07:13:45'),
(197, 78.00, '2023-04-18 17:00:00', 2, '2023-06-04 07:13:45', '2023-06-04 07:13:45'),
(198, 81.00, '2023-04-18 23:00:00', 2, '2023-06-04 07:13:45', '2023-06-04 07:13:45'),
(199, 76.00, '2023-04-19 05:00:00', 2, '2023-06-04 07:13:45', '2023-06-04 07:13:45'),
(200, 84.00, '2023-04-19 11:00:00', 2, '2023-06-04 07:13:45', '2023-06-04 07:13:45'),
(201, 78.00, '2023-04-19 17:00:00', 2, '2023-06-04 07:13:45', '2023-06-04 07:13:45'),
(202, 78.00, '2023-04-19 23:00:00', 2, '2023-06-04 07:13:45', '2023-06-04 07:13:45'),
(203, 84.00, '2023-04-20 05:00:00', 2, '2023-06-04 07:13:45', '2023-06-04 07:13:45'),
(204, 78.00, '2023-04-20 11:00:00', 2, '2023-06-04 07:13:45', '2023-06-04 07:13:45'),
(205, 78.00, '2023-04-20 17:00:00', 2, '2023-06-04 07:13:45', '2023-06-04 07:13:45'),
(206, 83.00, '2023-04-20 23:00:00', 2, '2023-06-04 07:13:45', '2023-06-04 07:13:45'),
(207, 76.00, '2023-04-21 05:00:00', 2, '2023-06-04 07:13:45', '2023-06-04 07:13:45'),
(208, 83.00, '2023-04-21 11:00:00', 2, '2023-06-04 07:13:45', '2023-06-04 07:13:45'),
(209, 78.00, '2023-04-21 17:00:00', 2, '2023-06-04 07:13:45', '2023-06-04 07:13:45'),
(210, 84.00, '2023-04-21 23:00:00', 2, '2023-06-04 07:13:45', '2023-06-04 07:13:45'),
(211, 85.00, '2023-04-22 05:00:00', 2, '2023-06-04 07:13:45', '2023-06-04 07:13:45'),
(212, 76.00, '2023-04-22 11:00:00', 2, '2023-06-04 07:13:45', '2023-06-04 07:13:45'),
(213, 78.00, '2023-04-22 17:00:00', 2, '2023-06-04 07:13:45', '2023-06-04 07:13:45'),
(214, 83.00, '2023-04-22 23:00:00', 2, '2023-06-04 07:13:45', '2023-06-04 07:13:45'),
(215, 77.00, '2023-04-23 05:00:00', 2, '2023-06-04 07:13:45', '2023-06-04 07:13:45'),
(216, 85.00, '2023-04-23 11:00:00', 2, '2023-06-04 07:13:45', '2023-06-04 07:13:45'),
(217, 79.00, '2023-04-23 17:00:00', 2, '2023-06-04 07:13:45', '2023-06-04 07:13:45'),
(218, 82.00, '2023-04-23 23:00:00', 2, '2023-06-04 07:13:45', '2023-06-04 07:13:45'),
(219, 85.00, '2023-04-24 05:00:00', 2, '2023-06-04 07:13:45', '2023-06-04 07:13:45'),
(220, 76.00, '2023-04-24 11:00:00', 2, '2023-06-04 07:13:45', '2023-06-04 07:13:45'),
(221, 84.00, '2023-04-24 17:00:00', 2, '2023-06-04 07:13:45', '2023-06-04 07:13:45'),
(222, 75.00, '2023-04-24 23:00:00', 2, '2023-06-04 07:13:45', '2023-06-04 07:13:45'),
(223, 85.00, '2023-04-25 05:00:00', 2, '2023-06-04 07:13:45', '2023-06-04 07:13:45'),
(224, 81.00, '2023-04-25 11:00:00', 2, '2023-06-04 07:13:45', '2023-06-04 07:13:45'),
(225, 75.00, '2023-04-25 17:00:00', 2, '2023-06-04 07:13:45', '2023-06-04 07:13:45'),
(226, 80.00, '2023-04-25 23:00:00', 2, '2023-06-04 07:13:45', '2023-06-04 07:13:45'),
(227, 78.00, '2023-04-26 05:00:00', 2, '2023-06-04 07:13:45', '2023-06-04 07:13:45'),
(228, 75.00, '2023-04-26 11:00:00', 2, '2023-06-04 07:13:45', '2023-06-04 07:13:45'),
(229, 79.00, '2023-04-26 17:00:00', 2, '2023-06-04 07:13:45', '2023-06-04 07:13:45'),
(230, 84.00, '2023-04-26 23:00:00', 2, '2023-06-04 07:13:45', '2023-06-04 07:13:45'),
(231, 79.00, '2023-04-27 05:00:00', 2, '2023-06-04 07:13:45', '2023-06-04 07:13:45'),
(232, 79.00, '2023-04-27 11:00:00', 2, '2023-06-04 07:13:45', '2023-06-04 07:13:45'),
(233, 82.00, '2023-04-27 17:00:00', 2, '2023-06-04 07:13:45', '2023-06-04 07:13:45'),
(234, 83.00, '2023-04-27 23:00:00', 2, '2023-06-04 07:13:45', '2023-06-04 07:13:45'),
(235, 76.00, '2023-04-28 05:00:00', 2, '2023-06-04 07:13:45', '2023-06-04 07:13:45'),
(236, 85.00, '2023-04-28 11:00:00', 2, '2023-06-04 07:13:45', '2023-06-04 07:13:45'),
(237, 85.00, '2023-04-28 17:00:00', 2, '2023-06-04 07:13:45', '2023-06-04 07:13:45'),
(238, 80.00, '2023-04-28 23:00:00', 2, '2023-06-04 07:13:45', '2023-06-04 07:13:45'),
(239, 83.00, '2023-04-29 05:00:00', 2, '2023-06-04 07:13:45', '2023-06-04 07:13:45'),
(240, 76.00, '2023-04-29 11:00:00', 2, '2023-06-04 07:13:45', '2023-06-04 07:13:45'),
(241, 78.00, '2023-04-29 17:00:00', 2, '2023-06-04 07:13:45', '2023-06-04 07:13:45'),
(242, 75.00, '2023-04-29 23:00:00', 2, '2023-06-04 07:13:45', '2023-06-04 07:13:45'),
(243, 85.00, '2023-04-30 05:00:00', 2, '2023-06-04 07:13:45', '2023-06-04 07:13:45'),
(244, 81.00, '2023-04-30 11:00:00', 2, '2023-06-04 07:13:45', '2023-06-04 07:13:45'),
(245, 78.00, '2023-04-30 17:00:00', 2, '2023-06-04 07:13:45', '2023-06-04 07:13:45'),
(246, 82.00, '2023-04-30 23:00:00', 2, '2023-06-04 07:13:45', '2023-06-04 07:13:45'),
(247, 79.00, '2023-05-01 05:00:00', 2, '2023-06-04 07:13:45', '2023-06-04 07:13:45'),
(248, 85.00, '2023-05-01 11:00:00', 2, '2023-06-04 07:13:45', '2023-06-04 07:13:45'),
(249, 80.00, '2023-05-01 17:00:00', 2, '2023-06-04 07:13:45', '2023-06-04 07:13:45'),
(250, 85.00, '2023-05-01 23:00:00', 2, '2023-06-04 07:13:45', '2023-06-04 07:13:45'),
(251, 82.00, '2023-05-02 05:00:00', 2, '2023-06-04 07:13:45', '2023-06-04 07:13:45'),
(252, 80.00, '2023-05-02 11:00:00', 2, '2023-06-04 07:13:45', '2023-06-04 07:13:45'),
(253, 81.00, '2023-05-02 17:00:00', 2, '2023-06-04 07:13:45', '2023-06-04 07:13:45'),
(254, 83.00, '2023-05-02 23:00:00', 2, '2023-06-04 07:13:45', '2023-06-04 07:13:45'),
(255, 80.00, '2023-05-03 05:00:00', 2, '2023-06-04 07:13:45', '2023-06-04 07:13:45'),
(256, 75.00, '2023-05-03 11:00:00', 2, '2023-06-04 07:13:45', '2023-06-04 07:13:45'),
(257, 82.00, '2023-05-03 17:00:00', 2, '2023-06-04 07:13:45', '2023-06-04 07:13:45'),
(258, 76.00, '2023-05-03 23:00:00', 2, '2023-06-04 07:13:45', '2023-06-04 07:13:45'),
(259, 83.00, '2023-05-04 05:00:00', 2, '2023-06-04 07:13:45', '2023-06-04 07:13:45'),
(260, 84.00, '2023-05-04 11:00:00', 2, '2023-06-04 07:13:45', '2023-06-04 07:13:45'),
(261, 85.00, '2023-05-04 17:00:00', 2, '2023-06-04 07:13:45', '2023-06-04 07:13:45'),
(262, 76.00, '2023-05-04 23:00:00', 2, '2023-06-04 07:13:45', '2023-06-04 07:13:45'),
(263, 79.00, '2023-05-05 05:00:00', 2, '2023-06-04 07:13:45', '2023-06-04 07:13:45'),
(264, 76.00, '2023-05-05 11:00:00', 2, '2023-06-04 07:13:45', '2023-06-04 07:13:45'),
(265, 83.00, '2023-05-05 17:00:00', 2, '2023-06-04 07:13:45', '2023-06-04 07:13:45'),
(266, 76.00, '2023-05-05 23:00:00', 2, '2023-06-04 07:13:45', '2023-06-04 07:13:45'),
(267, 76.00, '2023-05-06 05:00:00', 2, '2023-06-04 07:13:45', '2023-06-04 07:13:45'),
(268, 81.00, '2023-05-06 11:00:00', 2, '2023-06-04 07:13:45', '2023-06-04 07:13:45'),
(269, 79.00, '2023-05-06 17:00:00', 2, '2023-06-04 07:13:45', '2023-06-04 07:13:45'),
(270, 77.00, '2023-05-06 23:00:00', 2, '2023-06-04 07:13:45', '2023-06-04 07:13:45'),
(271, 81.00, '2023-05-07 05:00:00', 2, '2023-06-04 07:13:45', '2023-06-04 07:13:45'),
(272, 84.00, '2023-05-07 11:00:00', 2, '2023-06-04 07:13:45', '2023-06-04 07:13:45'),
(273, 84.00, '2023-05-07 17:00:00', 2, '2023-06-04 07:13:45', '2023-06-04 07:13:45'),
(274, 75.00, '2023-05-07 23:00:00', 2, '2023-06-04 07:13:45', '2023-06-04 07:13:45'),
(275, 84.00, '2023-05-08 05:00:00', 2, '2023-06-04 07:13:45', '2023-06-04 07:13:45'),
(276, 80.00, '2023-05-08 11:00:00', 2, '2023-06-04 07:13:45', '2023-06-04 07:13:45'),
(277, 85.00, '2023-05-08 17:00:00', 2, '2023-06-04 07:13:45', '2023-06-04 07:13:45'),
(278, 82.00, '2023-05-08 23:00:00', 2, '2023-06-04 07:13:45', '2023-06-04 07:13:45'),
(279, 75.00, '2023-05-09 05:00:00', 2, '2023-06-04 07:13:45', '2023-06-04 07:13:45'),
(280, 84.00, '2023-05-09 11:00:00', 2, '2023-06-04 07:13:45', '2023-06-04 07:13:45'),
(281, 77.00, '2023-05-09 17:00:00', 2, '2023-06-04 07:13:45', '2023-06-04 07:13:45'),
(282, 85.00, '2023-05-09 23:00:00', 2, '2023-06-04 07:13:45', '2023-06-04 07:13:45'),
(283, 83.00, '2023-05-10 05:00:00', 2, '2023-06-04 07:13:45', '2023-06-04 07:13:45'),
(284, 77.00, '2023-05-10 11:00:00', 2, '2023-06-04 07:13:45', '2023-06-04 07:13:45'),
(285, 82.00, '2023-05-10 17:00:00', 2, '2023-06-04 07:13:45', '2023-06-04 07:13:45'),
(286, 79.00, '2023-05-10 23:00:00', 2, '2023-06-04 07:13:45', '2023-06-04 07:13:45'),
(287, 75.00, '2023-05-11 05:00:00', 2, '2023-06-04 07:13:45', '2023-06-04 07:13:45'),
(288, 79.00, '2023-05-11 11:00:00', 2, '2023-06-04 07:13:45', '2023-06-04 07:13:45'),
(289, 79.00, '2023-05-11 17:00:00', 2, '2023-06-04 07:13:45', '2023-06-04 07:13:45'),
(290, 84.00, '2023-05-11 23:00:00', 2, '2023-06-04 07:13:45', '2023-06-04 07:13:45'),
(291, 75.00, '2023-05-12 05:00:00', 2, '2023-06-04 07:13:45', '2023-06-04 07:13:45'),
(292, 82.00, '2023-05-12 11:00:00', 2, '2023-06-04 07:13:45', '2023-06-04 07:13:45'),
(293, 79.00, '2023-05-12 17:00:00', 2, '2023-06-04 07:13:45', '2023-06-04 07:13:45'),
(294, 84.00, '2023-05-12 23:00:00', 2, '2023-06-04 07:13:45', '2023-06-04 07:13:45'),
(295, 85.00, '2023-05-13 05:00:00', 2, '2023-06-04 07:13:45', '2023-06-04 07:13:45'),
(296, 80.00, '2023-05-13 11:00:00', 2, '2023-06-04 07:13:45', '2023-06-04 07:13:45'),
(297, 77.00, '2023-05-13 17:00:00', 2, '2023-06-04 07:13:45', '2023-06-04 07:13:45'),
(298, 82.00, '2023-05-13 23:00:00', 2, '2023-06-04 07:13:45', '2023-06-04 07:13:45'),
(299, 84.00, '2023-05-14 05:00:00', 2, '2023-06-04 07:13:45', '2023-06-04 07:13:45'),
(300, 77.00, '2023-05-14 11:00:00', 2, '2023-06-04 07:13:45', '2023-06-04 07:13:45'),
(301, 81.00, '2023-05-14 17:00:00', 2, '2023-06-04 07:13:45', '2023-06-04 07:13:45'),
(302, 79.00, '2023-05-14 23:00:00', 2, '2023-06-04 07:13:45', '2023-06-04 07:13:45'),
(303, 84.00, '2023-05-15 05:00:00', 2, '2023-06-04 07:13:45', '2023-06-04 07:13:45'),
(304, 78.00, '2023-05-15 11:00:00', 2, '2023-06-04 07:13:45', '2023-06-04 07:13:45'),
(305, 82.00, '2023-05-15 17:00:00', 2, '2023-06-04 07:13:45', '2023-06-04 07:13:45'),
(306, 85.00, '2023-05-15 23:00:00', 2, '2023-06-04 07:13:45', '2023-06-04 07:13:45'),
(307, 77.00, '2023-05-16 05:00:00', 2, '2023-06-04 07:13:45', '2023-06-04 07:13:45'),
(308, 77.00, '2023-05-16 11:00:00', 2, '2023-06-04 07:13:45', '2023-06-04 07:13:45'),
(309, 77.00, '2023-05-16 17:00:00', 2, '2023-06-04 07:13:45', '2023-06-04 07:13:45'),
(310, 80.00, '2023-05-16 23:00:00', 2, '2023-06-04 07:13:45', '2023-06-04 07:13:45'),
(311, 85.00, '2023-05-17 05:00:00', 2, '2023-06-04 07:13:45', '2023-06-04 07:13:45'),
(312, 80.00, '2023-05-17 11:00:00', 2, '2023-06-04 07:13:45', '2023-06-04 07:13:45'),
(313, 81.00, '2023-05-17 17:00:00', 2, '2023-06-04 07:13:45', '2023-06-04 07:13:45'),
(314, 77.00, '2023-05-17 23:00:00', 2, '2023-06-04 07:13:45', '2023-06-04 07:13:45'),
(315, 84.00, '2023-05-18 05:00:00', 2, '2023-06-04 07:13:45', '2023-06-04 07:13:45'),
(316, 78.00, '2023-05-18 11:00:00', 2, '2023-06-04 07:13:45', '2023-06-04 07:13:45'),
(317, 78.00, '2023-05-18 17:00:00', 2, '2023-06-04 07:13:45', '2023-06-04 07:13:45'),
(318, 76.00, '2023-05-18 23:00:00', 2, '2023-06-04 07:13:45', '2023-06-04 07:13:45'),
(319, 83.00, '2023-05-19 05:00:00', 2, '2023-06-04 07:13:45', '2023-06-04 07:13:45'),
(320, 80.00, '2023-05-19 11:00:00', 2, '2023-06-04 07:13:45', '2023-06-04 07:13:45'),
(321, 82.00, '2023-05-19 17:00:00', 2, '2023-06-04 07:13:45', '2023-06-04 07:13:45'),
(322, 83.00, '2023-05-19 23:00:00', 2, '2023-06-04 07:13:45', '2023-06-04 07:13:45'),
(323, 79.00, '2023-05-20 05:00:00', 2, '2023-06-04 07:13:45', '2023-06-04 07:13:45'),
(324, 75.00, '2023-05-20 11:00:00', 2, '2023-06-04 07:13:45', '2023-06-04 07:13:45'),
(325, 77.00, '2023-05-20 17:00:00', 2, '2023-06-04 07:13:45', '2023-06-04 07:13:45'),
(326, 79.00, '2023-05-20 23:00:00', 2, '2023-06-04 07:13:45', '2023-06-04 07:13:45'),
(327, 84.00, '2023-05-21 05:00:00', 2, '2023-06-04 07:13:45', '2023-06-04 07:13:45'),
(328, 77.00, '2023-05-21 11:00:00', 2, '2023-06-04 07:13:45', '2023-06-04 07:13:45'),
(329, 82.00, '2023-05-21 17:00:00', 2, '2023-06-04 07:13:45', '2023-06-04 07:13:45'),
(330, 85.00, '2023-05-21 23:00:00', 2, '2023-06-04 07:13:45', '2023-06-04 07:13:45'),
(331, 75.00, '2023-05-22 05:00:00', 2, '2023-06-04 07:13:45', '2023-06-04 07:13:45'),
(332, 82.00, '2023-05-22 11:00:00', 2, '2023-06-04 07:13:45', '2023-06-04 07:13:45'),
(333, 84.00, '2023-05-22 17:00:00', 2, '2023-06-04 07:13:45', '2023-06-04 07:13:45'),
(334, 76.00, '2023-05-22 23:00:00', 2, '2023-06-04 07:13:45', '2023-06-04 07:13:45'),
(335, 84.00, '2023-05-23 05:00:00', 2, '2023-06-04 07:13:45', '2023-06-04 07:13:45'),
(336, 81.00, '2023-05-23 11:00:00', 2, '2023-06-04 07:13:45', '2023-06-04 07:13:45'),
(337, 75.00, '2023-05-23 17:00:00', 2, '2023-06-04 07:13:45', '2023-06-04 07:13:45'),
(338, 80.00, '2023-05-23 23:00:00', 2, '2023-06-04 07:13:45', '2023-06-04 07:13:45'),
(339, 81.00, '2023-05-24 05:00:00', 2, '2023-06-04 07:13:45', '2023-06-04 07:13:45'),
(340, 82.00, '2023-05-24 11:00:00', 2, '2023-06-04 07:13:45', '2023-06-04 07:13:45'),
(341, 77.00, '2023-05-24 17:00:00', 2, '2023-06-04 07:13:45', '2023-06-04 07:13:45'),
(342, 83.00, '2023-05-24 23:00:00', 2, '2023-06-04 07:13:45', '2023-06-04 07:13:45'),
(343, 84.00, '2023-05-25 05:00:00', 2, '2023-06-04 07:13:45', '2023-06-04 07:13:45'),
(344, 76.00, '2023-05-25 11:00:00', 2, '2023-06-04 07:13:45', '2023-06-04 07:13:45'),
(345, 75.00, '2023-05-25 17:00:00', 2, '2023-06-04 07:13:45', '2023-06-04 07:13:45'),
(346, 78.00, '2023-05-25 23:00:00', 2, '2023-06-04 07:13:45', '2023-06-04 07:13:45'),
(347, 76.00, '2023-05-26 05:00:00', 2, '2023-06-04 07:13:45', '2023-06-04 07:13:45'),
(348, 83.00, '2023-05-26 11:00:00', 2, '2023-06-04 07:13:45', '2023-06-04 07:13:45'),
(349, 75.00, '2023-05-26 17:00:00', 2, '2023-06-04 07:13:45', '2023-06-04 07:13:45'),
(350, 81.00, '2023-05-26 23:00:00', 2, '2023-06-04 07:13:45', '2023-06-04 07:13:45'),
(351, 80.00, '2023-05-27 05:00:00', 2, '2023-06-04 07:13:45', '2023-06-04 07:13:45'),
(352, 84.00, '2023-05-27 11:00:00', 2, '2023-06-04 07:13:45', '2023-06-04 07:13:45'),
(353, 80.00, '2023-05-27 17:00:00', 2, '2023-06-04 07:13:45', '2023-06-04 07:13:45'),
(354, 84.00, '2023-05-27 23:00:00', 2, '2023-06-04 07:13:45', '2023-06-04 07:13:45'),
(355, 76.00, '2023-05-28 05:00:00', 2, '2023-06-04 07:13:45', '2023-06-04 07:13:45'),
(356, 83.00, '2023-05-28 11:00:00', 2, '2023-06-04 07:13:45', '2023-06-04 07:13:45'),
(357, 85.00, '2023-05-28 17:00:00', 2, '2023-06-04 07:13:45', '2023-06-04 07:13:45'),
(358, 85.00, '2023-05-28 23:00:00', 2, '2023-06-04 07:13:45', '2023-06-04 07:13:45'),
(359, 82.00, '2023-05-29 05:00:00', 2, '2023-06-04 07:13:45', '2023-06-04 07:13:45'),
(360, 85.00, '2023-05-29 11:00:00', 2, '2023-06-04 07:13:45', '2023-06-04 07:13:45'),
(361, 81.00, '2023-05-29 17:00:00', 2, '2023-06-04 07:13:45', '2023-06-04 07:13:45'),
(362, 81.00, '2023-05-29 23:00:00', 2, '2023-06-04 07:13:45', '2023-06-04 07:13:45'),
(363, 83.00, '2023-05-30 05:00:00', 2, '2023-06-04 07:13:45', '2023-06-04 07:13:45'),
(364, 75.00, '2023-05-30 11:00:00', 2, '2023-06-04 07:13:45', '2023-06-04 07:13:45'),
(365, 80.00, '2023-05-30 17:00:00', 2, '2023-06-04 07:13:45', '2023-06-04 07:13:45'),
(366, 79.00, '2023-05-30 23:00:00', 2, '2023-06-04 07:13:45', '2023-06-04 07:13:45'),
(367, 75.00, '2023-05-31 05:00:00', 2, '2023-06-04 07:13:45', '2023-06-04 07:13:45'),
(368, 84.00, '2023-05-31 11:00:00', 2, '2023-06-04 07:13:45', '2023-06-04 07:13:45'),
(369, 77.00, '2023-05-31 17:00:00', 2, '2023-06-04 07:13:45', '2023-06-04 07:13:45'),
(370, 79.00, '2023-05-31 23:00:00', 2, '2023-06-04 07:13:45', '2023-06-04 07:13:45'),
(371, 82.00, '2023-06-01 05:00:00', 2, '2023-06-04 07:13:45', '2023-06-04 07:13:45'),
(372, 85.00, '2023-06-01 11:00:00', 2, '2023-06-04 07:13:45', '2023-06-04 07:13:45'),
(373, 124.00, '2023-06-05 12:56:00', 2, '2023-06-05 05:56:11', '2023-06-05 05:56:20');

-- --------------------------------------------------------

--
-- Table structure for table `kotas`
--

CREATE TABLE `kotas` (
  `id_kota` bigint(20) UNSIGNED NOT NULL,
  `kota` varchar(50) NOT NULL,
  `id_provinsi` bigint(20) UNSIGNED NOT NULL,
  `created_at` timestamp NULL DEFAULT NULL,
  `updated_at` timestamp NULL DEFAULT NULL
) ENGINE=InnoDB DEFAULT CHARSET=utf8mb4 COLLATE=utf8mb4_unicode_ci;

--
-- Dumping data for table `kotas`
--

INSERT INTO `kotas` (`id_kota`, `kota`, `id_provinsi`, `created_at`, `updated_at`) VALUES
(1, 'Kabupaten Bogor', 1, '2023-04-05 12:00:51', '2023-04-05 12:00:51'),
(2, 'Kabupaten Sukabumi', 1, '2023-04-05 12:04:19', '2023-04-05 12:04:19'),
(3, 'Kabupaten Bandung', 1, '2023-04-05 12:01:09', '2023-04-05 12:01:09'),
(4, 'Kabupaten Garut', 1, '2023-04-05 12:01:09', '2023-04-05 12:01:09'),
(5, 'Kabupaten Sumedang', 1, '2023-04-05 12:04:19', '2023-04-05 12:04:19'),
(6, 'Kabupaten Banjarnegara', 2, '2023-04-05 12:00:51', '2023-04-05 12:00:51'),
(7, 'Kabupaten Banyumas', 2, NULL, NULL),
(8, 'Kabupaten Jepara', 2, '2023-04-05 12:04:19', '2023-04-05 12:04:19'),
(9, 'Kota Tegal', 2, '2023-04-05 12:04:19', '2023-04-05 12:04:19'),
(10, 'Kota Semarang', 2, '2023-04-05 12:10:20', '2023-04-05 12:10:20'),
(13, 'Malang', 3, '2023-05-11 08:30:33', '2023-05-11 08:30:33'),
(16, 'jember', 7, '2023-05-21 08:48:05', '2023-05-21 08:48:05'),
(17, 'malang', 1, '2023-05-21 23:16:58', '2023-05-21 23:16:58'),
(19, 'Pemalang', 2, '2023-05-24 01:21:04', '2023-05-24 01:21:04'),
(20, 'bandung', 1, '2023-06-05 05:54:46', '2023-06-05 14:43:38'),
(21, 'Surabaya', 3, '2023-06-05 14:43:13', '2023-06-05 14:43:13');

-- --------------------------------------------------------

--
-- Table structure for table `lokasi`
--

CREATE TABLE `lokasi` (
  `id_lokasi` bigint(20) UNSIGNED NOT NULL,
  `id_kota` bigint(20) UNSIGNED NOT NULL,
  `lokasi` varchar(50) NOT NULL,
  `created_at` timestamp NULL DEFAULT NULL,
  `updated_at` timestamp NULL DEFAULT NULL
) ENGINE=InnoDB DEFAULT CHARSET=utf8mb4 COLLATE=utf8mb4_general_ci;

--
-- Dumping data for table `lokasi`
--

INSERT INTO `lokasi` (`id_lokasi`, `id_kota`, `lokasi`, `created_at`, `updated_at`) VALUES
(1, 1, 'Cimanggis', '2023-04-05 12:00:51', '2023-04-05 12:00:51'),
(2, 1, 'Bojonggede', NULL, NULL),
(3, 2, 'Susukan', NULL, '2023-05-28 21:50:21'),
(11, 13, 'pakis aji', '2023-06-05 14:44:58', '2023-06-05 14:45:41');

-- --------------------------------------------------------

--
-- Table structure for table `provinsis`
--

CREATE TABLE `provinsis` (
  `id_provinsi` bigint(20) UNSIGNED NOT NULL,
  `provinsi` varchar(50) NOT NULL,
  `created_at` timestamp NULL DEFAULT NULL,
  `updated_at` timestamp NULL DEFAULT NULL
) ENGINE=InnoDB DEFAULT CHARSET=utf8mb4 COLLATE=utf8mb4_unicode_ci;

--
-- Dumping data for table `provinsis`
--

INSERT INTO `provinsis` (`id_provinsi`, `provinsi`, `created_at`, `updated_at`) VALUES
(1, 'Jawa Barat', '2023-03-31 13:44:47', '2023-03-31 13:44:47'),
(2, 'Jawa Tengah', '2023-04-05 12:01:09', '2023-04-05 12:01:09'),
(3, 'Jawa Timur', '2023-04-05 12:04:19', '2023-04-05 12:04:19'),
(4, 'Bali', '2023-04-05 12:04:19', '2023-04-05 12:04:19'),
(7, 'NTB', '2023-05-11 06:16:33', '2023-05-11 18:39:33'),
(9, 'Sulawesi Selatan', '2023-06-04 06:33:58', '2023-06-04 06:33:58'),
(12, 'Sulawesi tengah', '2023-06-05 14:42:28', '2023-06-05 14:42:28');

-- --------------------------------------------------------

--
-- Table structure for table `sessions`
--

CREATE TABLE `sessions` (
  `id_session` bigint(20) UNSIGNED NOT NULL,
  `id_user` bigint(10) UNSIGNED DEFAULT NULL,
  `start_time` datetime NOT NULL,
  `end_time` datetime DEFAULT NULL,
  `created_at` timestamp NULL DEFAULT NULL,
  `updated_at` timestamp NULL DEFAULT NULL
) ENGINE=InnoDB DEFAULT CHARSET=utf8mb4 COLLATE=utf8mb4_unicode_ci;

--
-- Dumping data for table `sessions`
--

INSERT INTO `sessions` (`id_session`, `id_user`, `start_time`, `end_time`, `created_at`, `updated_at`) VALUES
(1, 1, '2023-06-04 11:52:17', '2023-06-04 19:54:00', NULL, '2023-06-04 05:54:49'),
(2, 1, '2023-06-04 11:52:32', '2023-06-04 19:57:00', NULL, '2023-06-04 05:57:23'),
(3, 1, '2023-06-04 11:53:10', NULL, NULL, NULL),
(4, 1, '2023-06-04 11:53:36', NULL, '2023-06-04 04:53:36', '2023-06-04 04:53:36'),
(5, 1, '2023-06-04 11:54:08', NULL, '2023-06-04 04:54:08', '2023-06-04 04:54:08'),
(6, 1, '2023-06-04 11:56:56', NULL, '2023-06-04 04:56:56', '2023-06-04 04:56:56'),
(7, 1, '2023-06-04 12:10:03', NULL, '2023-06-04 05:10:03', '2023-06-04 05:10:03'),
(8, 1, '2023-06-04 12:11:07', NULL, '2023-06-04 05:11:07', '2023-06-04 05:11:07'),
(9, 1, '2023-06-04 12:11:13', NULL, '2023-06-04 05:11:13', '2023-06-04 05:11:13'),
(10, 1, '2023-06-04 12:16:46', '2023-06-04 19:57:00', '2023-06-04 05:16:46', '2023-06-04 05:57:31'),
(11, 1, '2023-06-04 12:17:05', NULL, '2023-06-04 05:17:05', '2023-06-04 05:17:05'),
(12, 1, '2023-06-04 15:22:02', NULL, '2023-06-04 08:22:02', '2023-06-04 08:22:02'),
(13, 1, '2023-06-05 12:15:51', NULL, '2023-06-05 05:15:51', '2023-06-05 05:15:51'),
(14, 1, '2023-06-05 20:37:45', NULL, '2023-06-05 13:37:45', '2023-06-05 13:37:45'),
(15, 4, '2023-06-05 21:59:59', NULL, '2023-06-05 14:59:59', '2023-06-05 14:59:59'),
(16, 1, '2023-06-05 22:00:32', NULL, '2023-06-05 15:00:32', '2023-06-05 15:00:32'),
(17, 6, '2023-06-05 22:02:28', NULL, '2023-06-05 15:02:28', '2023-06-05 15:02:28'),
(18, 1, '2023-06-05 22:02:45', NULL, '2023-06-05 15:02:45', '2023-06-05 15:02:45'),
(19, 1, '2023-06-08 15:06:05', NULL, '2023-06-08 08:06:05', '2023-06-08 08:06:05'),
(20, 1, '2023-06-08 15:07:08', NULL, '2023-06-08 08:07:08', '2023-06-08 08:07:08'),
(21, 1, '2023-06-08 15:09:11', NULL, '2023-06-08 08:09:11', '2023-06-08 08:09:11'),
(22, 6, '2023-06-08 15:09:27', NULL, '2023-06-08 08:09:27', '2023-06-08 08:09:27'),
(23, 1, '2023-06-08 15:11:09', NULL, '2023-06-08 08:11:09', '2023-06-08 08:11:09'),
(24, 6, '2023-06-08 15:11:33', NULL, '2023-06-08 08:11:33', '2023-06-08 08:11:33'),
(25, 6, '2023-06-08 15:13:06', NULL, '2023-06-08 08:13:06', '2023-06-08 08:13:06'),
(26, 1, '2023-06-08 15:13:46', NULL, '2023-06-08 08:13:46', '2023-06-08 08:13:46');

-- --------------------------------------------------------

--
-- Table structure for table `suhu`
--

CREATE TABLE `suhu` (
  `id_suhu` bigint(20) UNSIGNED NOT NULL,
  `id_alat` bigint(20) UNSIGNED NOT NULL,
  `suhu` double(8,2) NOT NULL,
  `waktu` timestamp NULL DEFAULT NULL,
  `created_at` timestamp NULL DEFAULT NULL,
  `updated_at` timestamp NULL DEFAULT NULL
) ENGINE=InnoDB DEFAULT CHARSET=utf8mb4 COLLATE=utf8mb4_unicode_ci;

--
-- Dumping data for table `suhu`
--

INSERT INTO `suhu` (`id_suhu`, `id_alat`, `suhu`, `waktu`, `created_at`, `updated_at`) VALUES
(1, 3, 43.00, '2023-02-28 17:00:00', '2023-06-04 06:43:01', '2023-06-05 14:47:04'),
(2, 2, 44.00, '2023-02-28 23:00:00', '2023-06-04 06:43:01', '2023-06-04 06:43:01'),
(3, 2, 45.00, '2023-03-01 05:00:00', '2023-06-04 06:43:01', '2023-06-04 06:43:01'),
(4, 2, 42.00, '2023-03-01 11:00:00', '2023-06-04 06:43:01', '2023-06-04 06:43:01'),
(5, 2, 45.00, '2023-03-01 17:00:00', '2023-06-04 06:43:01', '2023-06-04 06:43:01'),
(6, 2, 43.00, '2023-03-01 23:00:00', '2023-06-04 06:43:01', '2023-06-04 06:43:01'),
(7, 2, 44.00, '2023-03-02 05:00:00', '2023-06-04 06:43:01', '2023-06-04 06:43:01'),
(8, 2, 43.00, '2023-03-02 11:00:00', '2023-06-04 06:43:01', '2023-06-04 06:43:01'),
(9, 2, 45.00, '2023-03-02 17:00:00', '2023-06-04 06:43:01', '2023-06-04 06:43:01'),
(10, 2, 43.00, '2023-03-02 23:00:00', '2023-06-04 06:43:01', '2023-06-04 06:43:01'),
(11, 2, 44.00, '2023-03-03 05:00:00', '2023-06-04 06:43:01', '2023-06-04 06:43:01'),
(12, 2, 45.00, '2023-03-03 11:00:00', '2023-06-04 06:43:01', '2023-06-04 06:43:01'),
(13, 2, 44.00, '2023-03-03 17:00:00', '2023-06-04 06:43:01', '2023-06-04 06:43:01'),
(14, 2, 40.00, '2023-03-03 23:00:00', '2023-06-04 06:43:01', '2023-06-04 06:43:01'),
(15, 2, 40.00, '2023-03-04 05:00:00', '2023-06-04 06:43:01', '2023-06-04 06:43:01'),
(16, 2, 42.00, '2023-03-04 11:00:00', '2023-06-04 06:43:01', '2023-06-04 06:43:01'),
(17, 2, 41.00, '2023-03-04 17:00:00', '2023-06-04 06:43:01', '2023-06-04 06:43:01'),
(18, 2, 44.00, '2023-03-04 23:00:00', '2023-06-04 06:43:01', '2023-06-04 06:43:01'),
(19, 2, 40.00, '2023-03-05 05:00:00', '2023-06-04 06:43:01', '2023-06-04 06:43:01'),
(20, 2, 40.00, '2023-03-05 11:00:00', '2023-06-04 06:43:01', '2023-06-04 06:43:01'),
(21, 2, 41.00, '2023-03-05 17:00:00', '2023-06-04 06:43:01', '2023-06-04 06:43:01'),
(22, 2, 44.00, '2023-03-05 23:00:00', '2023-06-04 06:43:01', '2023-06-04 06:43:01'),
(23, 2, 44.00, '2023-03-06 05:00:00', '2023-06-04 06:43:01', '2023-06-04 06:43:01'),
(24, 2, 43.00, '2023-03-06 11:00:00', '2023-06-04 06:43:01', '2023-06-04 06:43:01'),
(25, 2, 44.00, '2023-03-06 17:00:00', '2023-06-04 06:43:01', '2023-06-04 06:43:01'),
(26, 2, 42.00, '2023-03-06 23:00:00', '2023-06-04 06:43:01', '2023-06-04 06:43:01'),
(27, 2, 45.00, '2023-03-07 05:00:00', '2023-06-04 06:43:01', '2023-06-04 06:43:01'),
(28, 2, 44.00, '2023-03-07 11:00:00', '2023-06-04 06:43:01', '2023-06-04 06:43:01'),
(29, 2, 44.00, '2023-03-07 17:00:00', '2023-06-04 06:43:01', '2023-06-04 06:43:01'),
(30, 2, 40.00, '2023-03-07 23:00:00', '2023-06-04 06:43:01', '2023-06-04 06:43:01'),
(31, 2, 45.00, '2023-03-08 05:00:00', '2023-06-04 06:43:01', '2023-06-04 06:43:01'),
(32, 2, 40.00, '2023-03-08 11:00:00', '2023-06-04 06:43:01', '2023-06-04 06:43:01'),
(33, 2, 41.00, '2023-03-08 17:00:00', '2023-06-04 06:43:01', '2023-06-04 06:43:01'),
(34, 2, 40.00, '2023-03-08 23:00:00', '2023-06-04 06:43:01', '2023-06-04 06:43:01'),
(35, 2, 46.00, '2023-03-09 05:00:00', '2023-06-04 06:43:01', '2023-06-04 06:43:01'),
(36, 2, 41.00, '2023-03-09 11:00:00', '2023-06-04 06:43:01', '2023-06-04 06:43:01'),
(37, 2, 40.00, '2023-03-09 17:00:00', '2023-06-04 06:43:01', '2023-06-04 06:43:01'),
(38, 2, 44.00, '2023-03-09 23:00:00', '2023-06-04 06:43:01', '2023-06-04 06:43:01'),
(39, 2, 40.00, '2023-03-10 05:00:00', '2023-06-04 06:43:01', '2023-06-04 06:43:01'),
(40, 2, 44.00, '2023-03-10 11:00:00', '2023-06-04 06:43:01', '2023-06-04 06:43:01'),
(41, 2, 44.00, '2023-03-10 17:00:00', '2023-06-04 06:43:01', '2023-06-04 06:43:01'),
(42, 2, 42.00, '2023-03-10 23:00:00', '2023-06-04 06:43:01', '2023-06-04 06:43:01'),
(43, 2, 43.00, '2023-03-11 05:00:00', '2023-06-04 06:43:01', '2023-06-04 06:43:01'),
(44, 2, 45.00, '2023-03-11 11:00:00', '2023-06-04 06:43:01', '2023-06-04 06:43:01'),
(45, 2, 45.00, '2023-03-11 17:00:00', '2023-06-04 06:43:01', '2023-06-04 06:43:01'),
(46, 2, 40.00, '2023-03-11 23:00:00', '2023-06-04 06:43:01', '2023-06-04 06:43:01'),
(47, 2, 43.00, '2023-03-12 05:00:00', '2023-06-04 06:43:01', '2023-06-04 06:43:01'),
(48, 2, 41.00, '2023-03-12 11:00:00', '2023-06-04 06:43:01', '2023-06-04 06:43:01'),
(49, 2, 43.00, '2023-03-12 17:00:00', '2023-06-04 06:43:01', '2023-06-04 06:43:01'),
(50, 2, 40.00, '2023-03-12 23:00:00', '2023-06-04 06:43:01', '2023-06-04 06:43:01'),
(51, 2, 42.00, '2023-03-13 05:00:00', '2023-06-04 06:43:01', '2023-06-04 06:43:01'),
(52, 2, 44.00, '2023-03-13 11:00:00', '2023-06-04 06:43:01', '2023-06-04 06:43:01'),
(53, 2, 42.00, '2023-03-13 17:00:00', '2023-06-04 06:43:01', '2023-06-04 06:43:01'),
(54, 2, 41.00, '2023-03-13 23:00:00', '2023-06-04 06:43:01', '2023-06-04 06:43:01'),
(55, 2, 40.00, '2023-03-14 05:00:00', '2023-06-04 06:43:01', '2023-06-04 06:43:01'),
(56, 2, 46.00, '2023-03-14 11:00:00', '2023-06-04 06:43:01', '2023-06-04 06:43:01'),
(57, 2, 46.00, '2023-03-14 17:00:00', '2023-06-04 06:43:01', '2023-06-04 06:43:01'),
(58, 2, 43.00, '2023-03-14 23:00:00', '2023-06-04 06:43:01', '2023-06-04 06:43:01'),
(59, 2, 42.00, '2023-03-15 05:00:00', '2023-06-04 06:43:01', '2023-06-04 06:43:01'),
(60, 2, 46.00, '2023-03-15 11:00:00', '2023-06-04 06:43:01', '2023-06-04 06:43:01'),
(61, 2, 42.00, '2023-03-15 17:00:00', '2023-06-04 06:43:01', '2023-06-04 06:43:01'),
(62, 2, 42.00, '2023-03-15 23:00:00', '2023-06-04 06:43:01', '2023-06-04 06:43:01'),
(63, 2, 40.00, '2023-03-16 05:00:00', '2023-06-04 06:43:01', '2023-06-04 06:43:01'),
(64, 2, 40.00, '2023-03-16 11:00:00', '2023-06-04 06:43:01', '2023-06-04 06:43:01'),
(65, 2, 41.00, '2023-03-16 17:00:00', '2023-06-04 06:43:01', '2023-06-04 06:43:01'),
(66, 2, 45.00, '2023-03-16 23:00:00', '2023-06-04 06:43:01', '2023-06-04 06:43:01'),
(67, 2, 40.00, '2023-03-17 05:00:00', '2023-06-04 06:43:01', '2023-06-04 06:43:01'),
(68, 2, 45.00, '2023-03-17 11:00:00', '2023-06-04 06:43:01', '2023-06-04 06:43:01'),
(69, 2, 41.00, '2023-03-17 17:00:00', '2023-06-04 06:43:01', '2023-06-04 06:43:01'),
(70, 2, 41.00, '2023-03-17 23:00:00', '2023-06-04 06:43:01', '2023-06-04 06:43:01'),
(71, 2, 45.00, '2023-03-18 05:00:00', '2023-06-04 06:43:01', '2023-06-04 06:43:01'),
(72, 2, 44.00, '2023-03-18 11:00:00', '2023-06-04 06:43:01', '2023-06-04 06:43:01'),
(73, 2, 46.00, '2023-03-18 17:00:00', '2023-06-04 06:43:01', '2023-06-04 06:43:01'),
(74, 2, 40.00, '2023-03-18 23:00:00', '2023-06-04 06:43:01', '2023-06-04 06:43:01'),
(75, 2, 42.00, '2023-03-19 05:00:00', '2023-06-04 06:43:01', '2023-06-04 06:43:01'),
(76, 2, 40.00, '2023-03-19 11:00:00', '2023-06-04 06:43:01', '2023-06-04 06:43:01'),
(77, 2, 43.00, '2023-03-19 17:00:00', '2023-06-04 06:43:01', '2023-06-04 06:43:01'),
(78, 2, 46.00, '2023-03-19 23:00:00', '2023-06-04 06:43:01', '2023-06-04 06:43:01'),
(79, 2, 46.00, '2023-03-20 05:00:00', '2023-06-04 06:43:01', '2023-06-04 06:43:01'),
(80, 2, 43.00, '2023-03-20 11:00:00', '2023-06-04 06:43:01', '2023-06-04 06:43:01'),
(81, 2, 40.00, '2023-03-20 17:00:00', '2023-06-04 06:43:01', '2023-06-04 06:43:01'),
(82, 2, 42.00, '2023-03-20 23:00:00', '2023-06-04 06:43:01', '2023-06-04 06:43:01'),
(83, 2, 45.00, '2023-03-21 05:00:00', '2023-06-04 06:43:01', '2023-06-04 06:43:01'),
(84, 2, 45.00, '2023-03-21 11:00:00', '2023-06-04 06:43:01', '2023-06-04 06:43:01'),
(85, 2, 46.00, '2023-03-21 17:00:00', '2023-06-04 06:43:01', '2023-06-04 06:43:01'),
(86, 2, 45.00, '2023-03-21 23:00:00', '2023-06-04 06:43:01', '2023-06-04 06:43:01'),
(87, 2, 43.00, '2023-03-22 05:00:00', '2023-06-04 06:43:01', '2023-06-04 06:43:01'),
(88, 2, 46.00, '2023-03-22 11:00:00', '2023-06-04 06:43:01', '2023-06-04 06:43:01'),
(89, 2, 41.00, '2023-03-22 17:00:00', '2023-06-04 06:43:01', '2023-06-04 06:43:01'),
(90, 2, 46.00, '2023-03-22 23:00:00', '2023-06-04 06:43:01', '2023-06-04 06:43:01'),
(91, 2, 45.00, '2023-03-23 05:00:00', '2023-06-04 06:43:01', '2023-06-04 06:43:01'),
(92, 2, 43.00, '2023-03-23 11:00:00', '2023-06-04 06:43:01', '2023-06-04 06:43:01'),
(93, 2, 46.00, '2023-03-23 17:00:00', '2023-06-04 06:43:01', '2023-06-04 06:43:01'),
(94, 2, 43.00, '2023-03-23 23:00:00', '2023-06-04 06:43:01', '2023-06-04 06:43:01'),
(95, 2, 42.00, '2023-03-24 05:00:00', '2023-06-04 06:43:01', '2023-06-04 06:43:01'),
(96, 2, 46.00, '2023-03-24 11:00:00', '2023-06-04 06:43:01', '2023-06-04 06:43:01'),
(97, 2, 43.00, '2023-03-24 17:00:00', '2023-06-04 06:43:01', '2023-06-04 06:43:01'),
(98, 2, 46.00, '2023-03-24 23:00:00', '2023-06-04 06:43:01', '2023-06-04 06:43:01'),
(99, 2, 46.00, '2023-03-25 05:00:00', '2023-06-04 06:43:01', '2023-06-04 06:43:01'),
(100, 2, 45.00, '2023-03-25 11:00:00', '2023-06-04 06:43:01', '2023-06-04 06:43:01'),
(101, 2, 44.00, '2023-03-25 17:00:00', '2023-06-04 06:43:01', '2023-06-04 06:43:01'),
(102, 2, 43.00, '2023-03-25 23:00:00', '2023-06-04 06:43:01', '2023-06-04 06:43:01'),
(103, 2, 44.00, '2023-03-26 05:00:00', '2023-06-04 06:43:01', '2023-06-04 06:43:01'),
(104, 2, 44.00, '2023-03-26 11:00:00', '2023-06-04 06:43:01', '2023-06-04 06:43:01'),
(105, 2, 42.00, '2023-03-26 17:00:00', '2023-06-04 06:43:01', '2023-06-04 06:43:01'),
(106, 2, 42.00, '2023-03-26 23:00:00', '2023-06-04 06:43:01', '2023-06-04 06:43:01'),
(107, 2, 40.00, '2023-03-27 05:00:00', '2023-06-04 06:43:01', '2023-06-04 06:43:01'),
(108, 2, 40.00, '2023-03-27 11:00:00', '2023-06-04 06:43:01', '2023-06-04 06:43:01'),
(109, 2, 43.00, '2023-03-27 17:00:00', '2023-06-04 06:43:01', '2023-06-04 06:43:01'),
(110, 2, 43.00, '2023-03-27 23:00:00', '2023-06-04 06:43:01', '2023-06-04 06:43:01'),
(111, 2, 43.00, '2023-03-28 05:00:00', '2023-06-04 06:43:01', '2023-06-04 06:43:01'),
(112, 2, 40.00, '2023-03-28 11:00:00', '2023-06-04 06:43:01', '2023-06-04 06:43:01'),
(113, 2, 46.00, '2023-03-28 17:00:00', '2023-06-04 06:43:01', '2023-06-04 06:43:01'),
(114, 2, 46.00, '2023-03-28 23:00:00', '2023-06-04 06:43:01', '2023-06-04 06:43:01'),
(115, 2, 43.00, '2023-03-29 05:00:00', '2023-06-04 06:43:01', '2023-06-04 06:43:01'),
(116, 2, 40.00, '2023-03-29 11:00:00', '2023-06-04 06:43:01', '2023-06-04 06:43:01'),
(117, 2, 40.00, '2023-03-29 17:00:00', '2023-06-04 06:43:01', '2023-06-04 06:43:01'),
(118, 2, 46.00, '2023-03-29 23:00:00', '2023-06-04 06:43:01', '2023-06-04 06:43:01'),
(119, 2, 41.00, '2023-03-30 05:00:00', '2023-06-04 06:43:01', '2023-06-04 06:43:01'),
(120, 2, 40.00, '2023-03-30 11:00:00', '2023-06-04 06:43:01', '2023-06-04 06:43:01'),
(121, 2, 42.00, '2023-03-30 17:00:00', '2023-06-04 06:43:01', '2023-06-04 06:43:01'),
(122, 2, 44.00, '2023-03-30 23:00:00', '2023-06-04 06:43:01', '2023-06-04 06:43:01'),
(123, 2, 43.00, '2023-03-31 05:00:00', '2023-06-04 06:43:02', '2023-06-04 06:43:02'),
(124, 2, 45.00, '2023-03-31 11:00:00', '2023-06-04 06:43:02', '2023-06-04 06:43:02'),
(125, 2, 43.00, '2023-03-31 17:00:00', '2023-06-04 06:43:02', '2023-06-04 06:43:02'),
(126, 2, 43.00, '2023-03-31 23:00:00', '2023-06-04 06:43:02', '2023-06-04 06:43:02'),
(127, 2, 40.00, '2023-04-01 05:00:00', '2023-06-04 06:43:02', '2023-06-04 06:43:02'),
(128, 2, 41.00, '2023-04-01 11:00:00', '2023-06-04 06:43:02', '2023-06-04 06:43:02'),
(129, 2, 45.00, '2023-04-01 17:00:00', '2023-06-04 06:43:02', '2023-06-04 06:43:02'),
(130, 2, 46.00, '2023-04-01 23:00:00', '2023-06-04 06:43:02', '2023-06-04 06:43:02'),
(131, 2, 40.00, '2023-04-02 05:00:00', '2023-06-04 06:43:02', '2023-06-04 06:43:02'),
(132, 2, 44.00, '2023-04-02 11:00:00', '2023-06-04 06:43:02', '2023-06-04 06:43:02'),
(133, 2, 40.00, '2023-04-02 17:00:00', '2023-06-04 06:43:02', '2023-06-04 06:43:02'),
(134, 2, 41.00, '2023-04-02 23:00:00', '2023-06-04 06:43:02', '2023-06-04 06:43:02'),
(135, 2, 41.00, '2023-04-03 05:00:00', '2023-06-04 06:43:02', '2023-06-04 06:43:02'),
(136, 2, 41.00, '2023-04-03 11:00:00', '2023-06-04 06:43:02', '2023-06-04 06:43:02'),
(137, 2, 40.00, '2023-04-03 17:00:00', '2023-06-04 06:43:02', '2023-06-04 06:43:02'),
(138, 2, 42.00, '2023-04-03 23:00:00', '2023-06-04 06:43:02', '2023-06-04 06:43:02'),
(139, 2, 42.00, '2023-04-04 05:00:00', '2023-06-04 06:43:02', '2023-06-04 06:43:02'),
(140, 2, 44.00, '2023-04-04 11:00:00', '2023-06-04 06:43:02', '2023-06-04 06:43:02'),
(141, 2, 40.00, '2023-04-04 17:00:00', '2023-06-04 06:43:02', '2023-06-04 06:43:02'),
(142, 2, 44.00, '2023-04-04 23:00:00', '2023-06-04 06:43:02', '2023-06-04 06:43:02'),
(143, 2, 45.00, '2023-04-05 05:00:00', '2023-06-04 06:43:02', '2023-06-04 06:43:02'),
(144, 2, 46.00, '2023-04-05 11:00:00', '2023-06-04 06:43:02', '2023-06-04 06:43:02'),
(145, 2, 45.00, '2023-04-05 17:00:00', '2023-06-04 06:43:02', '2023-06-04 06:43:02'),
(146, 2, 41.00, '2023-04-05 23:00:00', '2023-06-04 06:43:02', '2023-06-04 06:43:02'),
(147, 2, 40.00, '2023-04-06 05:00:00', '2023-06-04 06:43:02', '2023-06-04 06:43:02'),
(148, 2, 43.00, '2023-04-06 11:00:00', '2023-06-04 06:43:02', '2023-06-04 06:43:02'),
(149, 2, 45.00, '2023-04-06 17:00:00', '2023-06-04 06:43:02', '2023-06-04 06:43:02'),
(150, 2, 41.00, '2023-04-06 23:00:00', '2023-06-04 06:43:02', '2023-06-04 06:43:02'),
(151, 2, 46.00, '2023-04-07 05:00:00', '2023-06-04 06:43:02', '2023-06-04 06:43:02'),
(152, 2, 42.00, '2023-04-07 11:00:00', '2023-06-04 06:43:02', '2023-06-04 06:43:02'),
(153, 2, 44.00, '2023-04-07 17:00:00', '2023-06-04 06:43:02', '2023-06-04 06:43:02'),
(154, 2, 42.00, '2023-04-07 23:00:00', '2023-06-04 06:43:02', '2023-06-04 06:43:02'),
(155, 2, 45.00, '2023-04-08 05:00:00', '2023-06-04 06:43:02', '2023-06-04 06:43:02'),
(156, 2, 46.00, '2023-04-08 11:00:00', '2023-06-04 06:43:02', '2023-06-04 06:43:02'),
(157, 2, 43.00, '2023-04-08 17:00:00', '2023-06-04 06:43:02', '2023-06-04 06:43:02'),
(158, 2, 46.00, '2023-04-08 23:00:00', '2023-06-04 06:43:02', '2023-06-04 06:43:02'),
(159, 2, 42.00, '2023-04-09 05:00:00', '2023-06-04 06:43:02', '2023-06-04 06:43:02'),
(160, 2, 40.00, '2023-04-09 11:00:00', '2023-06-04 06:43:02', '2023-06-04 06:43:02'),
(161, 2, 40.00, '2023-04-09 17:00:00', '2023-06-04 06:43:02', '2023-06-04 06:43:02'),
(162, 2, 45.00, '2023-04-09 23:00:00', '2023-06-04 06:43:02', '2023-06-04 06:43:02'),
(163, 2, 44.00, '2023-04-10 05:00:00', '2023-06-04 06:43:02', '2023-06-04 06:43:02'),
(164, 2, 42.00, '2023-04-10 11:00:00', '2023-06-04 06:43:02', '2023-06-04 06:43:02'),
(165, 2, 46.00, '2023-04-10 17:00:00', '2023-06-04 06:43:02', '2023-06-04 06:43:02'),
(166, 2, 43.00, '2023-04-10 23:00:00', '2023-06-04 06:43:02', '2023-06-04 06:43:02'),
(167, 2, 40.00, '2023-04-11 05:00:00', '2023-06-04 06:43:02', '2023-06-04 06:43:02'),
(168, 2, 43.00, '2023-04-11 11:00:00', '2023-06-04 06:43:02', '2023-06-04 06:43:02'),
(169, 2, 45.00, '2023-04-11 17:00:00', '2023-06-04 06:43:02', '2023-06-04 06:43:02'),
(170, 2, 45.00, '2023-04-11 23:00:00', '2023-06-04 06:43:02', '2023-06-04 06:43:02'),
(171, 2, 44.00, '2023-04-12 05:00:00', '2023-06-04 06:43:02', '2023-06-04 06:43:02'),
(172, 2, 40.00, '2023-04-12 11:00:00', '2023-06-04 06:43:02', '2023-06-04 06:43:02'),
(173, 2, 46.00, '2023-04-12 17:00:00', '2023-06-04 06:43:02', '2023-06-04 06:43:02'),
(174, 2, 45.00, '2023-04-12 23:00:00', '2023-06-04 06:43:02', '2023-06-04 06:43:02'),
(175, 2, 46.00, '2023-04-13 05:00:00', '2023-06-04 06:43:02', '2023-06-04 06:43:02'),
(176, 2, 45.00, '2023-04-13 11:00:00', '2023-06-04 06:43:02', '2023-06-04 06:43:02'),
(177, 2, 46.00, '2023-04-13 17:00:00', '2023-06-04 06:43:02', '2023-06-04 06:43:02'),
(178, 2, 44.00, '2023-04-13 23:00:00', '2023-06-04 06:43:02', '2023-06-04 06:43:02'),
(179, 2, 42.00, '2023-04-14 05:00:00', '2023-06-04 06:43:02', '2023-06-04 06:43:02'),
(180, 2, 45.00, '2023-04-14 11:00:00', '2023-06-04 06:43:02', '2023-06-04 06:43:02'),
(181, 2, 45.00, '2023-04-14 17:00:00', '2023-06-04 06:43:02', '2023-06-04 06:43:02'),
(182, 2, 41.00, '2023-04-14 23:00:00', '2023-06-04 06:43:02', '2023-06-04 06:43:02'),
(183, 2, 40.00, '2023-04-15 05:00:00', '2023-06-04 06:43:02', '2023-06-04 06:43:02'),
(184, 2, 41.00, '2023-04-15 11:00:00', '2023-06-04 06:43:02', '2023-06-04 06:43:02'),
(185, 2, 41.00, '2023-04-15 17:00:00', '2023-06-04 06:43:02', '2023-06-04 06:43:02'),
(186, 2, 41.00, '2023-04-15 23:00:00', '2023-06-04 06:43:02', '2023-06-04 06:43:02'),
(187, 2, 42.00, '2023-04-16 05:00:00', '2023-06-04 06:43:02', '2023-06-04 06:43:02'),
(188, 2, 40.00, '2023-04-16 11:00:00', '2023-06-04 06:43:02', '2023-06-04 06:43:02'),
(189, 2, 43.00, '2023-04-16 17:00:00', '2023-06-04 06:43:02', '2023-06-04 06:43:02'),
(190, 2, 41.00, '2023-04-16 23:00:00', '2023-06-04 06:43:02', '2023-06-04 06:43:02'),
(191, 2, 42.00, '2023-04-17 05:00:00', '2023-06-04 06:43:02', '2023-06-04 06:43:02'),
(192, 2, 46.00, '2023-04-17 11:00:00', '2023-06-04 06:43:02', '2023-06-04 06:43:02'),
(193, 2, 46.00, '2023-04-17 17:00:00', '2023-06-04 06:43:02', '2023-06-04 06:43:02'),
(194, 2, 44.00, '2023-04-17 23:00:00', '2023-06-04 06:43:02', '2023-06-04 06:43:02'),
(195, 2, 44.00, '2023-04-18 05:00:00', '2023-06-04 06:43:02', '2023-06-04 06:43:02'),
(196, 2, 43.00, '2023-04-18 11:00:00', '2023-06-04 06:43:02', '2023-06-04 06:43:02'),
(197, 2, 40.00, '2023-04-18 17:00:00', '2023-06-04 06:43:02', '2023-06-04 06:43:02'),
(198, 2, 43.00, '2023-04-18 23:00:00', '2023-06-04 06:43:02', '2023-06-04 06:43:02'),
(199, 2, 44.00, '2023-04-19 05:00:00', '2023-06-04 06:43:02', '2023-06-04 06:43:02'),
(200, 2, 46.00, '2023-04-19 11:00:00', '2023-06-04 06:43:02', '2023-06-04 06:43:02'),
(201, 2, 44.00, '2023-04-19 17:00:00', '2023-06-04 06:43:02', '2023-06-04 06:43:02'),
(202, 2, 42.00, '2023-04-19 23:00:00', '2023-06-04 06:43:02', '2023-06-04 06:43:02'),
(203, 2, 42.00, '2023-04-20 05:00:00', '2023-06-04 06:43:02', '2023-06-04 06:43:02'),
(204, 2, 42.00, '2023-04-20 11:00:00', '2023-06-04 06:43:02', '2023-06-04 06:43:02'),
(205, 2, 45.00, '2023-04-20 17:00:00', '2023-06-04 06:43:02', '2023-06-04 06:43:02'),
(206, 2, 42.00, '2023-04-20 23:00:00', '2023-06-04 06:43:02', '2023-06-04 06:43:02'),
(207, 2, 44.00, '2023-04-21 05:00:00', '2023-06-04 06:43:02', '2023-06-04 06:43:02'),
(208, 2, 44.00, '2023-04-21 11:00:00', '2023-06-04 06:43:02', '2023-06-04 06:43:02'),
(209, 2, 45.00, '2023-04-21 17:00:00', '2023-06-04 06:43:02', '2023-06-04 06:43:02'),
(210, 2, 42.00, '2023-04-21 23:00:00', '2023-06-04 06:43:02', '2023-06-04 06:43:02'),
(211, 2, 44.00, '2023-04-22 05:00:00', '2023-06-04 06:43:02', '2023-06-04 06:43:02'),
(212, 2, 45.00, '2023-04-22 11:00:00', '2023-06-04 06:43:02', '2023-06-04 06:43:02'),
(213, 2, 45.00, '2023-04-22 17:00:00', '2023-06-04 06:43:02', '2023-06-04 06:43:02'),
(214, 2, 40.00, '2023-04-22 23:00:00', '2023-06-04 06:43:02', '2023-06-04 06:43:02'),
(215, 2, 43.00, '2023-04-23 05:00:00', '2023-06-04 06:43:02', '2023-06-04 06:43:02'),
(216, 2, 44.00, '2023-04-23 11:00:00', '2023-06-04 06:43:02', '2023-06-04 06:43:02'),
(217, 2, 43.00, '2023-04-23 17:00:00', '2023-06-04 06:43:02', '2023-06-04 06:43:02'),
(218, 2, 43.00, '2023-04-23 23:00:00', '2023-06-04 06:43:02', '2023-06-04 06:43:02'),
(219, 2, 42.00, '2023-04-24 05:00:00', '2023-06-04 06:43:02', '2023-06-04 06:43:02'),
(220, 2, 40.00, '2023-04-24 11:00:00', '2023-06-04 06:43:02', '2023-06-04 06:43:02'),
(221, 2, 46.00, '2023-04-24 17:00:00', '2023-06-04 06:43:02', '2023-06-04 06:43:02'),
(222, 2, 42.00, '2023-04-24 23:00:00', '2023-06-04 06:43:02', '2023-06-04 06:43:02'),
(223, 2, 43.00, '2023-04-25 05:00:00', '2023-06-04 06:43:02', '2023-06-04 06:43:02'),
(224, 2, 43.00, '2023-04-25 11:00:00', '2023-06-04 06:43:02', '2023-06-04 06:43:02'),
(225, 2, 41.00, '2023-04-25 17:00:00', '2023-06-04 06:43:02', '2023-06-04 06:43:02'),
(226, 2, 42.00, '2023-04-25 23:00:00', '2023-06-04 06:43:02', '2023-06-04 06:43:02'),
(227, 2, 46.00, '2023-04-26 05:00:00', '2023-06-04 06:43:02', '2023-06-04 06:43:02'),
(228, 2, 46.00, '2023-04-26 11:00:00', '2023-06-04 06:43:02', '2023-06-04 06:43:02'),
(229, 2, 46.00, '2023-04-26 17:00:00', '2023-06-04 06:43:02', '2023-06-04 06:43:02'),
(230, 2, 46.00, '2023-04-26 23:00:00', '2023-06-04 06:43:02', '2023-06-04 06:43:02'),
(231, 2, 42.00, '2023-04-27 05:00:00', '2023-06-04 06:43:02', '2023-06-04 06:43:02'),
(232, 2, 40.00, '2023-04-27 11:00:00', '2023-06-04 06:43:02', '2023-06-04 06:43:02'),
(233, 2, 46.00, '2023-04-27 17:00:00', '2023-06-04 06:43:02', '2023-06-04 06:43:02'),
(234, 2, 43.00, '2023-04-27 23:00:00', '2023-06-04 06:43:02', '2023-06-04 06:43:02'),
(235, 2, 43.00, '2023-04-28 05:00:00', '2023-06-04 06:43:02', '2023-06-04 06:43:02'),
(236, 2, 41.00, '2023-04-28 11:00:00', '2023-06-04 06:43:02', '2023-06-04 06:43:02'),
(237, 2, 41.00, '2023-04-28 17:00:00', '2023-06-04 06:43:02', '2023-06-04 06:43:02'),
(238, 2, 46.00, '2023-04-28 23:00:00', '2023-06-04 06:43:02', '2023-06-04 06:43:02'),
(239, 2, 42.00, '2023-04-29 05:00:00', '2023-06-04 06:43:02', '2023-06-04 06:43:02'),
(240, 2, 42.00, '2023-04-29 11:00:00', '2023-06-04 06:43:02', '2023-06-04 06:43:02'),
(241, 2, 41.00, '2023-04-29 17:00:00', '2023-06-04 06:43:02', '2023-06-04 06:43:02'),
(242, 2, 45.00, '2023-04-29 23:00:00', '2023-06-04 06:43:02', '2023-06-04 06:43:02'),
(243, 2, 45.00, '2023-04-30 05:00:00', '2023-06-04 06:43:02', '2023-06-04 06:43:02'),
(244, 2, 45.00, '2023-04-30 11:00:00', '2023-06-04 06:43:02', '2023-06-04 06:43:02'),
(245, 2, 41.00, '2023-04-30 17:00:00', '2023-06-04 06:43:02', '2023-06-04 06:43:02'),
(246, 2, 43.00, '2023-04-30 23:00:00', '2023-06-04 06:43:02', '2023-06-04 06:43:02'),
(247, 2, 43.00, '2023-05-01 05:00:00', '2023-06-04 06:43:02', '2023-06-04 06:43:02'),
(248, 2, 41.00, '2023-05-01 11:00:00', '2023-06-04 06:43:02', '2023-06-04 06:43:02'),
(249, 2, 42.00, '2023-05-01 17:00:00', '2023-06-04 06:43:02', '2023-06-04 06:43:02'),
(250, 2, 46.00, '2023-05-01 23:00:00', '2023-06-04 06:43:02', '2023-06-04 06:43:02'),
(251, 2, 44.00, '2023-05-02 05:00:00', '2023-06-04 06:43:02', '2023-06-04 06:43:02'),
(252, 2, 45.00, '2023-05-02 11:00:00', '2023-06-04 06:43:02', '2023-06-04 06:43:02'),
(253, 2, 42.00, '2023-05-02 17:00:00', '2023-06-04 06:43:02', '2023-06-04 06:43:02'),
(254, 2, 41.00, '2023-05-02 23:00:00', '2023-06-04 06:43:02', '2023-06-04 06:43:02'),
(255, 2, 43.00, '2023-05-03 05:00:00', '2023-06-04 06:43:02', '2023-06-04 06:43:02'),
(256, 2, 42.00, '2023-05-03 11:00:00', '2023-06-04 06:43:02', '2023-06-04 06:43:02'),
(257, 2, 43.00, '2023-05-03 17:00:00', '2023-06-04 06:43:02', '2023-06-04 06:43:02'),
(258, 2, 40.00, '2023-05-03 23:00:00', '2023-06-04 06:43:02', '2023-06-04 06:43:02'),
(259, 2, 43.00, '2023-05-04 05:00:00', '2023-06-04 06:43:02', '2023-06-04 06:43:02'),
(260, 2, 40.00, '2023-05-04 11:00:00', '2023-06-04 06:43:02', '2023-06-04 06:43:02'),
(261, 2, 45.00, '2023-05-04 17:00:00', '2023-06-04 06:43:02', '2023-06-04 06:43:02'),
(262, 2, 41.00, '2023-05-04 23:00:00', '2023-06-04 06:43:02', '2023-06-04 06:43:02'),
(263, 2, 43.00, '2023-05-05 05:00:00', '2023-06-04 06:43:02', '2023-06-04 06:43:02'),
(264, 2, 45.00, '2023-05-05 11:00:00', '2023-06-04 06:43:02', '2023-06-04 06:43:02'),
(265, 2, 44.00, '2023-05-05 17:00:00', '2023-06-04 06:43:02', '2023-06-04 06:43:02'),
(266, 2, 40.00, '2023-05-05 23:00:00', '2023-06-04 06:43:02', '2023-06-04 06:43:02'),
(267, 2, 43.00, '2023-05-06 05:00:00', '2023-06-04 06:43:02', '2023-06-04 06:43:02'),
(268, 2, 45.00, '2023-05-06 11:00:00', '2023-06-04 06:43:02', '2023-06-04 06:43:02'),
(269, 2, 44.00, '2023-05-06 17:00:00', '2023-06-04 06:43:02', '2023-06-04 06:43:02'),
(270, 2, 46.00, '2023-05-06 23:00:00', '2023-06-04 06:43:02', '2023-06-04 06:43:02'),
(271, 2, 45.00, '2023-05-07 05:00:00', '2023-06-04 06:43:02', '2023-06-04 06:43:02'),
(272, 2, 41.00, '2023-05-07 11:00:00', '2023-06-04 06:43:02', '2023-06-04 06:43:02'),
(273, 2, 44.00, '2023-05-07 17:00:00', '2023-06-04 06:43:02', '2023-06-04 06:43:02'),
(274, 2, 42.00, '2023-05-07 23:00:00', '2023-06-04 06:43:02', '2023-06-04 06:43:02'),
(275, 2, 45.00, '2023-05-08 05:00:00', '2023-06-04 06:43:02', '2023-06-04 06:43:02'),
(276, 2, 46.00, '2023-05-08 11:00:00', '2023-06-04 06:43:02', '2023-06-04 06:43:02'),
(277, 2, 42.00, '2023-05-08 17:00:00', '2023-06-04 06:43:02', '2023-06-04 06:43:02'),
(278, 2, 41.00, '2023-05-08 23:00:00', '2023-06-04 06:43:02', '2023-06-04 06:43:02'),
(279, 2, 43.00, '2023-05-09 05:00:00', '2023-06-04 06:43:02', '2023-06-04 06:43:02'),
(280, 2, 44.00, '2023-05-09 11:00:00', '2023-06-04 06:43:02', '2023-06-04 06:43:02'),
(281, 2, 44.00, '2023-05-09 17:00:00', '2023-06-04 06:43:02', '2023-06-04 06:43:02'),
(282, 2, 40.00, '2023-05-09 23:00:00', '2023-06-04 06:43:02', '2023-06-04 06:43:02'),
(283, 2, 41.00, '2023-05-10 05:00:00', '2023-06-04 06:43:02', '2023-06-04 06:43:02'),
(284, 2, 46.00, '2023-05-10 11:00:00', '2023-06-04 06:43:02', '2023-06-04 06:43:02'),
(285, 2, 45.00, '2023-05-10 17:00:00', '2023-06-04 06:43:02', '2023-06-04 06:43:02'),
(286, 2, 41.00, '2023-05-10 23:00:00', '2023-06-04 06:43:02', '2023-06-04 06:43:02'),
(287, 2, 42.00, '2023-05-11 05:00:00', '2023-06-04 06:43:02', '2023-06-04 06:43:02'),
(288, 2, 46.00, '2023-05-11 11:00:00', '2023-06-04 06:43:02', '2023-06-04 06:43:02'),
(289, 2, 42.00, '2023-05-11 17:00:00', '2023-06-04 06:43:02', '2023-06-04 06:43:02'),
(290, 2, 45.00, '2023-05-11 23:00:00', '2023-06-04 06:43:02', '2023-06-04 06:43:02'),
(291, 2, 45.00, '2023-05-12 05:00:00', '2023-06-04 06:43:02', '2023-06-04 06:43:02'),
(292, 2, 40.00, '2023-05-12 11:00:00', '2023-06-04 06:43:02', '2023-06-04 06:43:02'),
(293, 2, 44.00, '2023-05-12 17:00:00', '2023-06-04 06:43:02', '2023-06-04 06:43:02'),
(294, 2, 44.00, '2023-05-12 23:00:00', '2023-06-04 06:43:02', '2023-06-04 06:43:02'),
(295, 2, 41.00, '2023-05-13 05:00:00', '2023-06-04 06:43:02', '2023-06-04 06:43:02'),
(296, 2, 40.00, '2023-05-13 11:00:00', '2023-06-04 06:43:02', '2023-06-04 06:43:02'),
(297, 2, 44.00, '2023-05-13 17:00:00', '2023-06-04 06:43:02', '2023-06-04 06:43:02'),
(298, 2, 40.00, '2023-05-13 23:00:00', '2023-06-04 06:43:02', '2023-06-04 06:43:02'),
(299, 2, 42.00, '2023-05-14 05:00:00', '2023-06-04 06:43:02', '2023-06-04 06:43:02'),
(300, 2, 42.00, '2023-05-14 11:00:00', '2023-06-04 06:43:02', '2023-06-04 06:43:02'),
(301, 2, 46.00, '2023-05-14 17:00:00', '2023-06-04 06:43:02', '2023-06-04 06:43:02'),
(302, 2, 46.00, '2023-05-14 23:00:00', '2023-06-04 06:43:02', '2023-06-04 06:43:02'),
(303, 2, 41.00, '2023-05-15 05:00:00', '2023-06-04 06:43:02', '2023-06-04 06:43:02'),
(304, 2, 45.00, '2023-05-15 11:00:00', '2023-06-04 06:43:02', '2023-06-04 06:43:02'),
(305, 2, 40.00, '2023-05-15 17:00:00', '2023-06-04 06:43:02', '2023-06-04 06:43:02'),
(306, 2, 45.00, '2023-05-15 23:00:00', '2023-06-04 06:43:02', '2023-06-04 06:43:02'),
(307, 2, 43.00, '2023-05-16 05:00:00', '2023-06-04 06:43:02', '2023-06-04 06:43:02'),
(308, 2, 41.00, '2023-05-16 11:00:00', '2023-06-04 06:43:02', '2023-06-04 06:43:02'),
(309, 2, 40.00, '2023-05-16 17:00:00', '2023-06-04 06:43:02', '2023-06-04 06:43:02'),
(310, 2, 46.00, '2023-05-16 23:00:00', '2023-06-04 06:43:02', '2023-06-04 06:43:02'),
(311, 2, 43.00, '2023-05-17 05:00:00', '2023-06-04 06:43:02', '2023-06-04 06:43:02'),
(312, 2, 40.00, '2023-05-17 11:00:00', '2023-06-04 06:43:02', '2023-06-04 06:43:02'),
(313, 2, 41.00, '2023-05-17 17:00:00', '2023-06-04 06:43:02', '2023-06-04 06:43:02'),
(314, 2, 42.00, '2023-05-17 23:00:00', '2023-06-04 06:43:02', '2023-06-04 06:43:02'),
(315, 2, 42.00, '2023-05-18 05:00:00', '2023-06-04 06:43:02', '2023-06-04 06:43:02'),
(316, 2, 43.00, '2023-05-18 11:00:00', '2023-06-04 06:43:02', '2023-06-04 06:43:02'),
(317, 2, 40.00, '2023-05-18 17:00:00', '2023-06-04 06:43:02', '2023-06-04 06:43:02'),
(318, 2, 43.00, '2023-05-18 23:00:00', '2023-06-04 06:43:02', '2023-06-04 06:43:02'),
(319, 2, 44.00, '2023-05-19 05:00:00', '2023-06-04 06:43:02', '2023-06-04 06:43:02'),
(320, 2, 43.00, '2023-05-19 11:00:00', '2023-06-04 06:43:02', '2023-06-04 06:43:02'),
(321, 2, 45.00, '2023-05-19 17:00:00', '2023-06-04 06:43:02', '2023-06-04 06:43:02'),
(322, 2, 46.00, '2023-05-19 23:00:00', '2023-06-04 06:43:02', '2023-06-04 06:43:02'),
(323, 2, 42.00, '2023-05-20 05:00:00', '2023-06-04 06:43:02', '2023-06-04 06:43:02'),
(324, 2, 44.00, '2023-05-20 11:00:00', '2023-06-04 06:43:02', '2023-06-04 06:43:02'),
(325, 2, 42.00, '2023-05-20 17:00:00', '2023-06-04 06:43:02', '2023-06-04 06:43:02'),
(326, 2, 40.00, '2023-05-20 23:00:00', '2023-06-04 06:43:02', '2023-06-04 06:43:02'),
(327, 2, 45.00, '2023-05-21 05:00:00', '2023-06-04 06:43:02', '2023-06-04 06:43:02'),
(328, 2, 40.00, '2023-05-21 11:00:00', '2023-06-04 06:43:02', '2023-06-04 06:43:02'),
(329, 2, 45.00, '2023-05-21 17:00:00', '2023-06-04 06:43:02', '2023-06-04 06:43:02'),
(330, 2, 45.00, '2023-05-21 23:00:00', '2023-06-04 06:43:02', '2023-06-04 06:43:02'),
(331, 2, 43.00, '2023-05-22 05:00:00', '2023-06-04 06:43:02', '2023-06-04 06:43:02'),
(332, 2, 40.00, '2023-05-22 11:00:00', '2023-06-04 06:43:02', '2023-06-04 06:43:02'),
(333, 2, 46.00, '2023-05-22 17:00:00', '2023-06-04 06:43:02', '2023-06-04 06:43:02'),
(334, 2, 44.00, '2023-05-22 23:00:00', '2023-06-04 06:43:02', '2023-06-04 06:43:02'),
(335, 2, 43.00, '2023-05-23 05:00:00', '2023-06-04 06:43:02', '2023-06-04 06:43:02'),
(336, 2, 40.00, '2023-05-23 11:00:00', '2023-06-04 06:43:02', '2023-06-04 06:43:02'),
(337, 2, 46.00, '2023-05-23 17:00:00', '2023-06-04 06:43:02', '2023-06-04 06:43:02'),
(338, 2, 40.00, '2023-05-23 23:00:00', '2023-06-04 06:43:02', '2023-06-04 06:43:02'),
(339, 2, 45.00, '2023-05-24 05:00:00', '2023-06-04 06:43:02', '2023-06-04 06:43:02'),
(340, 2, 43.00, '2023-05-24 11:00:00', '2023-06-04 06:43:02', '2023-06-04 06:43:02'),
(341, 2, 40.00, '2023-05-24 17:00:00', '2023-06-04 06:43:02', '2023-06-04 06:43:02'),
(342, 2, 46.00, '2023-05-24 23:00:00', '2023-06-04 06:43:02', '2023-06-04 06:43:02'),
(343, 2, 43.00, '2023-05-25 05:00:00', '2023-06-04 06:43:02', '2023-06-04 06:43:02'),
(344, 2, 46.00, '2023-05-25 11:00:00', '2023-06-04 06:43:02', '2023-06-04 06:43:02'),
(345, 2, 44.00, '2023-05-25 17:00:00', '2023-06-04 06:43:02', '2023-06-04 06:43:02'),
(346, 2, 46.00, '2023-05-25 23:00:00', '2023-06-04 06:43:02', '2023-06-04 06:43:02'),
(347, 2, 40.00, '2023-05-26 05:00:00', '2023-06-04 06:43:02', '2023-06-04 06:43:02'),
(348, 2, 45.00, '2023-05-26 11:00:00', '2023-06-04 06:43:02', '2023-06-04 06:43:02'),
(349, 2, 43.00, '2023-05-26 17:00:00', '2023-06-04 06:43:02', '2023-06-04 06:43:02'),
(350, 2, 43.00, '2023-05-26 23:00:00', '2023-06-04 06:43:02', '2023-06-04 06:43:02'),
(351, 2, 42.00, '2023-05-27 05:00:00', '2023-06-04 06:43:02', '2023-06-04 06:43:02'),
(352, 2, 40.00, '2023-05-27 11:00:00', '2023-06-04 06:43:02', '2023-06-04 06:43:02'),
(353, 2, 45.00, '2023-05-27 17:00:00', '2023-06-04 06:43:02', '2023-06-04 06:43:02'),
(354, 2, 46.00, '2023-05-27 23:00:00', '2023-06-04 06:43:02', '2023-06-04 06:43:02'),
(355, 2, 45.00, '2023-05-28 05:00:00', '2023-06-04 06:43:02', '2023-06-04 06:43:02'),
(356, 2, 45.00, '2023-05-28 11:00:00', '2023-06-04 06:43:02', '2023-06-04 06:43:02'),
(357, 2, 42.00, '2023-05-28 17:00:00', '2023-06-04 06:43:02', '2023-06-04 06:43:02'),
(358, 2, 42.00, '2023-05-28 23:00:00', '2023-06-04 06:43:02', '2023-06-04 06:43:02'),
(359, 2, 44.00, '2023-05-29 05:00:00', '2023-06-04 06:43:02', '2023-06-04 06:43:02'),
(360, 2, 43.00, '2023-05-29 11:00:00', '2023-06-04 06:43:02', '2023-06-04 06:43:02'),
(361, 2, 40.00, '2023-05-29 17:00:00', '2023-06-04 06:43:02', '2023-06-04 06:43:02'),
(362, 2, 41.00, '2023-05-29 23:00:00', '2023-06-04 06:43:02', '2023-06-04 06:43:02'),
(363, 2, 43.00, '2023-05-30 05:00:00', '2023-06-04 06:43:02', '2023-06-04 06:43:02'),
(364, 2, 40.00, '2023-05-30 11:00:00', '2023-06-04 06:43:02', '2023-06-04 06:43:02'),
(365, 2, 44.00, '2023-05-30 17:00:00', '2023-06-04 06:43:02', '2023-06-04 06:43:02'),
(366, 2, 46.00, '2023-05-30 23:00:00', '2023-06-04 06:43:02', '2023-06-04 06:43:02'),
(367, 2, 43.00, '2023-05-31 05:00:00', '2023-06-04 06:43:02', '2023-06-04 06:43:02'),
(368, 2, 43.00, '2023-05-31 11:00:00', '2023-06-04 06:43:02', '2023-06-04 06:43:02'),
(369, 2, 40.00, '2023-05-31 17:00:00', '2023-06-04 06:43:02', '2023-06-04 06:43:02'),
(370, 2, 41.00, '2023-05-31 23:00:00', '2023-06-04 06:43:02', '2023-06-04 06:43:02'),
(371, 2, 46.00, '2023-06-01 05:00:00', '2023-06-04 06:43:02', '2023-06-04 06:43:02'),
(372, 2, 46.00, '2023-06-01 11:00:00', '2023-06-04 06:43:02', '2023-06-04 06:43:02'),
(374, 2, 54.00, '2023-06-05 12:55:00', '2023-06-05 05:55:28', '2023-06-05 05:55:52'),
(375, 4, 30.00, '2023-06-05 14:47:00', '2023-06-05 14:47:47', '2023-06-05 14:47:47');

-- --------------------------------------------------------

--
-- Table structure for table `tekananudara`
--

CREATE TABLE `tekananudara` (
  `id_tekananudara` bigint(20) UNSIGNED NOT NULL,
  `tekananudara` double(8,2) NOT NULL,
  `waktu` timestamp NULL DEFAULT NULL,
  `id_alat` bigint(20) UNSIGNED NOT NULL,
  `created_at` timestamp NULL DEFAULT NULL,
  `updated_at` timestamp NULL DEFAULT NULL
) ENGINE=InnoDB DEFAULT CHARSET=utf8mb4 COLLATE=utf8mb4_unicode_ci;

--
-- Dumping data for table `tekananudara`
--

INSERT INTO `tekananudara` (`id_tekananudara`, `tekananudara`, `waktu`, `id_alat`, `created_at`, `updated_at`) VALUES
(1, 1014.00, '2023-02-28 17:00:00', 2, '2023-06-04 07:24:17', '2023-06-04 07:24:17'),
(2, 1013.00, '2023-02-28 23:00:00', 2, '2023-06-04 07:24:17', '2023-06-04 07:24:17'),
(3, 1013.00, '2023-03-01 05:00:00', 2, '2023-06-04 07:24:17', '2023-06-04 07:24:17'),
(4, 1013.00, '2023-03-01 11:00:00', 2, '2023-06-04 07:24:17', '2023-06-04 07:24:17'),
(5, 1012.00, '2023-03-01 17:00:00', 2, '2023-06-04 07:24:17', '2023-06-04 07:24:17'),
(6, 1012.00, '2023-03-01 23:00:00', 2, '2023-06-04 07:24:17', '2023-06-04 07:24:17'),
(7, 1011.00, '2023-03-02 05:00:00', 2, '2023-06-04 07:24:17', '2023-06-04 07:24:17'),
(8, 1012.00, '2023-03-02 11:00:00', 2, '2023-06-04 07:24:17', '2023-06-04 07:24:17'),
(9, 1011.00, '2023-03-02 17:00:00', 2, '2023-06-04 07:24:17', '2023-06-04 07:24:17'),
(10, 1013.00, '2023-03-02 23:00:00', 2, '2023-06-04 07:24:17', '2023-06-04 07:24:17'),
(11, 1013.00, '2023-03-03 05:00:00', 2, '2023-06-04 07:24:17', '2023-06-04 07:24:17'),
(12, 1012.00, '2023-03-03 11:00:00', 2, '2023-06-04 07:24:17', '2023-06-04 07:24:17'),
(13, 1013.00, '2023-03-03 17:00:00', 2, '2023-06-04 07:24:17', '2023-06-04 07:24:17'),
(14, 1015.00, '2023-03-03 23:00:00', 2, '2023-06-04 07:24:17', '2023-06-04 07:24:17'),
(15, 1013.00, '2023-03-04 05:00:00', 2, '2023-06-04 07:24:17', '2023-06-04 07:24:17'),
(16, 1013.00, '2023-03-04 11:00:00', 2, '2023-06-04 07:24:17', '2023-06-04 07:24:17'),
(17, 1011.00, '2023-03-04 17:00:00', 2, '2023-06-04 07:24:17', '2023-06-04 07:24:17'),
(18, 1012.00, '2023-03-04 23:00:00', 2, '2023-06-04 07:24:17', '2023-06-04 07:24:17'),
(19, 1015.00, '2023-03-05 05:00:00', 2, '2023-06-04 07:24:17', '2023-06-04 07:24:17'),
(20, 1013.00, '2023-03-05 11:00:00', 2, '2023-06-04 07:24:17', '2023-06-04 07:24:17'),
(21, 1014.00, '2023-03-05 17:00:00', 2, '2023-06-04 07:24:17', '2023-06-04 07:24:17'),
(22, 1012.00, '2023-03-05 23:00:00', 2, '2023-06-04 07:24:17', '2023-06-04 07:24:17'),
(23, 1011.00, '2023-03-06 05:00:00', 2, '2023-06-04 07:24:17', '2023-06-04 07:24:17'),
(24, 1014.00, '2023-03-06 11:00:00', 2, '2023-06-04 07:24:17', '2023-06-04 07:24:17'),
(25, 1012.00, '2023-03-06 17:00:00', 2, '2023-06-04 07:24:17', '2023-06-04 07:24:17'),
(26, 1012.00, '2023-03-06 23:00:00', 2, '2023-06-04 07:24:17', '2023-06-04 07:24:17'),
(27, 1013.00, '2023-03-07 05:00:00', 2, '2023-06-04 07:24:17', '2023-06-04 07:24:17'),
(28, 1015.00, '2023-03-07 11:00:00', 2, '2023-06-04 07:24:17', '2023-06-04 07:24:17'),
(29, 1015.00, '2023-03-07 17:00:00', 2, '2023-06-04 07:24:17', '2023-06-04 07:24:17'),
(30, 1014.00, '2023-03-07 23:00:00', 2, '2023-06-04 07:24:17', '2023-06-04 07:24:17'),
(31, 1014.00, '2023-03-08 05:00:00', 2, '2023-06-04 07:24:17', '2023-06-04 07:24:17'),
(32, 1014.00, '2023-03-08 11:00:00', 2, '2023-06-04 07:24:17', '2023-06-04 07:24:17'),
(33, 1011.00, '2023-03-08 17:00:00', 2, '2023-06-04 07:24:17', '2023-06-04 07:24:17'),
(34, 1013.00, '2023-03-08 23:00:00', 2, '2023-06-04 07:24:17', '2023-06-04 07:24:17'),
(35, 1015.00, '2023-03-09 05:00:00', 2, '2023-06-04 07:24:17', '2023-06-04 07:24:17'),
(36, 1011.00, '2023-03-09 11:00:00', 2, '2023-06-04 07:24:17', '2023-06-04 07:24:17'),
(37, 1013.00, '2023-03-09 17:00:00', 2, '2023-06-04 07:24:17', '2023-06-04 07:24:17'),
(38, 1013.00, '2023-03-09 23:00:00', 2, '2023-06-04 07:24:17', '2023-06-04 07:24:17'),
(39, 1011.00, '2023-03-10 05:00:00', 2, '2023-06-04 07:24:17', '2023-06-04 07:24:17'),
(40, 1014.00, '2023-03-10 11:00:00', 2, '2023-06-04 07:24:17', '2023-06-04 07:24:17'),
(41, 1011.00, '2023-03-10 17:00:00', 2, '2023-06-04 07:24:17', '2023-06-04 07:24:17'),
(42, 1013.00, '2023-03-10 23:00:00', 2, '2023-06-04 07:24:17', '2023-06-04 07:24:17'),
(43, 1013.00, '2023-03-11 05:00:00', 2, '2023-06-04 07:24:17', '2023-06-04 07:24:17'),
(44, 1014.00, '2023-03-11 11:00:00', 2, '2023-06-04 07:24:17', '2023-06-04 07:24:17'),
(45, 1015.00, '2023-03-11 17:00:00', 2, '2023-06-04 07:24:17', '2023-06-04 07:24:17'),
(46, 1014.00, '2023-03-11 23:00:00', 2, '2023-06-04 07:24:17', '2023-06-04 07:24:17'),
(47, 1011.00, '2023-03-12 05:00:00', 2, '2023-06-04 07:24:17', '2023-06-04 07:24:17'),
(48, 1013.00, '2023-03-12 11:00:00', 2, '2023-06-04 07:24:17', '2023-06-04 07:24:17'),
(49, 1015.00, '2023-03-12 17:00:00', 2, '2023-06-04 07:24:17', '2023-06-04 07:24:17'),
(50, 1011.00, '2023-03-12 23:00:00', 2, '2023-06-04 07:24:17', '2023-06-04 07:24:17'),
(51, 1015.00, '2023-03-13 05:00:00', 2, '2023-06-04 07:24:17', '2023-06-04 07:24:17'),
(52, 1013.00, '2023-03-13 11:00:00', 2, '2023-06-04 07:24:17', '2023-06-04 07:24:17'),
(53, 1014.00, '2023-03-13 17:00:00', 2, '2023-06-04 07:24:17', '2023-06-04 07:24:17'),
(54, 1014.00, '2023-03-13 23:00:00', 2, '2023-06-04 07:24:17', '2023-06-04 07:24:17'),
(55, 1014.00, '2023-03-14 05:00:00', 2, '2023-06-04 07:24:17', '2023-06-04 07:24:17'),
(56, 1011.00, '2023-03-14 11:00:00', 2, '2023-06-04 07:24:17', '2023-06-04 07:24:17'),
(57, 1015.00, '2023-03-14 17:00:00', 2, '2023-06-04 07:24:17', '2023-06-04 07:24:17'),
(58, 1014.00, '2023-03-14 23:00:00', 2, '2023-06-04 07:24:17', '2023-06-04 07:24:17'),
(59, 1014.00, '2023-03-15 05:00:00', 2, '2023-06-04 07:24:17', '2023-06-04 07:24:17'),
(60, 1013.00, '2023-03-15 11:00:00', 2, '2023-06-04 07:24:17', '2023-06-04 07:24:17'),
(61, 1014.00, '2023-03-15 17:00:00', 2, '2023-06-04 07:24:17', '2023-06-04 07:24:17'),
(62, 1012.00, '2023-03-15 23:00:00', 2, '2023-06-04 07:24:17', '2023-06-04 07:24:17'),
(63, 1011.00, '2023-03-16 05:00:00', 2, '2023-06-04 07:24:17', '2023-06-04 07:24:17'),
(64, 1011.00, '2023-03-16 11:00:00', 2, '2023-06-04 07:24:17', '2023-06-04 07:24:17'),
(65, 1012.00, '2023-03-16 17:00:00', 2, '2023-06-04 07:24:17', '2023-06-04 07:24:17'),
(66, 1015.00, '2023-03-16 23:00:00', 2, '2023-06-04 07:24:17', '2023-06-04 07:24:17'),
(67, 1012.00, '2023-03-17 05:00:00', 2, '2023-06-04 07:24:17', '2023-06-04 07:24:17'),
(68, 1015.00, '2023-03-17 11:00:00', 2, '2023-06-04 07:24:17', '2023-06-04 07:24:17'),
(69, 1014.00, '2023-03-17 17:00:00', 2, '2023-06-04 07:24:17', '2023-06-04 07:24:17'),
(70, 1013.00, '2023-03-17 23:00:00', 2, '2023-06-04 07:24:17', '2023-06-04 07:24:17'),
(71, 1014.00, '2023-03-18 05:00:00', 2, '2023-06-04 07:24:17', '2023-06-04 07:24:17'),
(72, 1012.00, '2023-03-18 11:00:00', 2, '2023-06-04 07:24:17', '2023-06-04 07:24:17'),
(73, 1013.00, '2023-03-18 17:00:00', 2, '2023-06-04 07:24:17', '2023-06-04 07:24:17'),
(74, 1014.00, '2023-03-18 23:00:00', 2, '2023-06-04 07:24:17', '2023-06-04 07:24:17'),
(75, 1015.00, '2023-03-19 05:00:00', 2, '2023-06-04 07:24:17', '2023-06-04 07:24:17'),
(76, 1013.00, '2023-03-19 11:00:00', 2, '2023-06-04 07:24:17', '2023-06-04 07:24:17'),
(77, 1012.00, '2023-03-19 17:00:00', 2, '2023-06-04 07:24:17', '2023-06-04 07:24:17'),
(78, 1014.00, '2023-03-19 23:00:00', 2, '2023-06-04 07:24:17', '2023-06-04 07:24:17'),
(79, 1011.00, '2023-03-20 05:00:00', 2, '2023-06-04 07:24:17', '2023-06-04 07:24:17'),
(80, 1012.00, '2023-03-20 11:00:00', 2, '2023-06-04 07:24:17', '2023-06-04 07:24:17'),
(81, 1014.00, '2023-03-20 17:00:00', 2, '2023-06-04 07:24:17', '2023-06-04 07:24:17'),
(82, 1011.00, '2023-03-20 23:00:00', 2, '2023-06-04 07:24:17', '2023-06-04 07:24:17'),
(83, 1015.00, '2023-03-21 05:00:00', 2, '2023-06-04 07:24:17', '2023-06-04 07:24:17'),
(84, 1011.00, '2023-03-21 11:00:00', 2, '2023-06-04 07:24:17', '2023-06-04 07:24:17'),
(85, 1014.00, '2023-03-21 17:00:00', 2, '2023-06-04 07:24:17', '2023-06-04 07:24:17'),
(86, 1012.00, '2023-03-21 23:00:00', 2, '2023-06-04 07:24:17', '2023-06-04 07:24:17'),
(87, 1011.00, '2023-03-22 05:00:00', 2, '2023-06-04 07:24:17', '2023-06-04 07:24:17'),
(88, 1013.00, '2023-03-22 11:00:00', 2, '2023-06-04 07:24:17', '2023-06-04 07:24:17'),
(89, 1014.00, '2023-03-22 17:00:00', 2, '2023-06-04 07:24:17', '2023-06-04 07:24:17'),
(90, 1013.00, '2023-03-22 23:00:00', 2, '2023-06-04 07:24:17', '2023-06-04 07:24:17'),
(91, 1015.00, '2023-03-23 05:00:00', 2, '2023-06-04 07:24:17', '2023-06-04 07:24:17'),
(92, 1011.00, '2023-03-23 11:00:00', 2, '2023-06-04 07:24:17', '2023-06-04 07:24:17'),
(93, 1015.00, '2023-03-23 17:00:00', 2, '2023-06-04 07:24:17', '2023-06-04 07:24:17'),
(94, 1014.00, '2023-03-23 23:00:00', 2, '2023-06-04 07:24:17', '2023-06-04 07:24:17'),
(95, 1012.00, '2023-03-24 05:00:00', 2, '2023-06-04 07:24:17', '2023-06-04 07:24:17'),
(96, 1012.00, '2023-03-24 11:00:00', 2, '2023-06-04 07:24:17', '2023-06-04 07:24:17'),
(97, 1015.00, '2023-03-24 17:00:00', 2, '2023-06-04 07:24:17', '2023-06-04 07:24:17'),
(98, 1015.00, '2023-03-24 23:00:00', 2, '2023-06-04 07:24:17', '2023-06-04 07:24:17'),
(99, 1014.00, '2023-03-25 05:00:00', 2, '2023-06-04 07:24:17', '2023-06-04 07:24:17'),
(100, 1013.00, '2023-03-25 11:00:00', 2, '2023-06-04 07:24:17', '2023-06-04 07:24:17'),
(101, 1014.00, '2023-03-25 17:00:00', 2, '2023-06-04 07:24:17', '2023-06-04 07:24:17'),
(102, 1015.00, '2023-03-25 23:00:00', 2, '2023-06-04 07:24:17', '2023-06-04 07:24:17'),
(103, 1015.00, '2023-03-26 05:00:00', 2, '2023-06-04 07:24:17', '2023-06-04 07:24:17'),
(104, 1011.00, '2023-03-26 11:00:00', 2, '2023-06-04 07:24:17', '2023-06-04 07:24:17'),
(105, 1012.00, '2023-03-26 17:00:00', 2, '2023-06-04 07:24:17', '2023-06-04 07:24:17'),
(106, 1011.00, '2023-03-26 23:00:00', 2, '2023-06-04 07:24:17', '2023-06-04 07:24:17'),
(107, 1012.00, '2023-03-27 05:00:00', 2, '2023-06-04 07:24:17', '2023-06-04 07:24:17'),
(108, 1012.00, '2023-03-27 11:00:00', 2, '2023-06-04 07:24:17', '2023-06-04 07:24:17'),
(109, 1012.00, '2023-03-27 17:00:00', 2, '2023-06-04 07:24:17', '2023-06-04 07:24:17'),
(110, 1015.00, '2023-03-27 23:00:00', 2, '2023-06-04 07:24:17', '2023-06-04 07:24:17'),
(111, 1011.00, '2023-03-28 05:00:00', 2, '2023-06-04 07:24:17', '2023-06-04 07:24:17'),
(112, 1012.00, '2023-03-28 11:00:00', 2, '2023-06-04 07:24:17', '2023-06-04 07:24:17'),
(113, 1015.00, '2023-03-28 17:00:00', 2, '2023-06-04 07:24:17', '2023-06-04 07:24:17'),
(114, 1012.00, '2023-03-28 23:00:00', 2, '2023-06-04 07:24:17', '2023-06-04 07:24:17'),
(115, 1015.00, '2023-03-29 05:00:00', 2, '2023-06-04 07:24:17', '2023-06-04 07:24:17'),
(116, 1011.00, '2023-03-29 11:00:00', 2, '2023-06-04 07:24:17', '2023-06-04 07:24:17'),
(117, 1013.00, '2023-03-29 17:00:00', 2, '2023-06-04 07:24:17', '2023-06-04 07:24:17'),
(118, 1015.00, '2023-03-29 23:00:00', 2, '2023-06-04 07:24:17', '2023-06-04 07:24:17'),
(119, 1013.00, '2023-03-30 05:00:00', 2, '2023-06-04 07:24:17', '2023-06-04 07:24:17'),
(120, 1012.00, '2023-03-30 11:00:00', 2, '2023-06-04 07:24:17', '2023-06-04 07:24:17'),
(121, 1012.00, '2023-03-30 17:00:00', 2, '2023-06-04 07:24:17', '2023-06-04 07:24:17'),
(122, 1013.00, '2023-03-30 23:00:00', 2, '2023-06-04 07:24:17', '2023-06-04 07:24:17'),
(123, 1011.00, '2023-03-31 05:00:00', 2, '2023-06-04 07:24:17', '2023-06-04 07:24:17'),
(124, 1015.00, '2023-03-31 11:00:00', 2, '2023-06-04 07:24:17', '2023-06-04 07:24:17'),
(125, 1015.00, '2023-03-31 17:00:00', 2, '2023-06-04 07:24:17', '2023-06-04 07:24:17'),
(126, 1013.00, '2023-03-31 23:00:00', 2, '2023-06-04 07:24:17', '2023-06-04 07:24:17'),
(127, 1011.00, '2023-04-01 05:00:00', 2, '2023-06-04 07:24:17', '2023-06-04 07:24:17'),
(128, 1013.00, '2023-04-01 11:00:00', 2, '2023-06-04 07:24:17', '2023-06-04 07:24:17'),
(129, 1012.00, '2023-04-01 17:00:00', 2, '2023-06-04 07:24:17', '2023-06-04 07:24:17'),
(130, 1014.00, '2023-04-01 23:00:00', 2, '2023-06-04 07:24:17', '2023-06-04 07:24:17'),
(131, 1013.00, '2023-04-02 05:00:00', 2, '2023-06-04 07:24:17', '2023-06-04 07:24:17'),
(132, 1015.00, '2023-04-02 11:00:00', 2, '2023-06-04 07:24:17', '2023-06-04 07:24:17'),
(133, 1015.00, '2023-04-02 17:00:00', 2, '2023-06-04 07:24:17', '2023-06-04 07:24:17'),
(134, 1012.00, '2023-04-02 23:00:00', 2, '2023-06-04 07:24:17', '2023-06-04 07:24:17'),
(135, 1011.00, '2023-04-03 05:00:00', 2, '2023-06-04 07:24:17', '2023-06-04 07:24:17'),
(136, 1015.00, '2023-04-03 11:00:00', 2, '2023-06-04 07:24:17', '2023-06-04 07:24:17'),
(137, 1015.00, '2023-04-03 17:00:00', 2, '2023-06-04 07:24:17', '2023-06-04 07:24:17'),
(138, 1014.00, '2023-04-03 23:00:00', 2, '2023-06-04 07:24:17', '2023-06-04 07:24:17'),
(139, 1011.00, '2023-04-04 05:00:00', 2, '2023-06-04 07:24:17', '2023-06-04 07:24:17'),
(140, 1013.00, '2023-04-04 11:00:00', 2, '2023-06-04 07:24:17', '2023-06-04 07:24:17'),
(141, 1012.00, '2023-04-04 17:00:00', 2, '2023-06-04 07:24:17', '2023-06-04 07:24:17'),
(142, 1011.00, '2023-04-04 23:00:00', 2, '2023-06-04 07:24:17', '2023-06-04 07:24:17'),
(143, 1015.00, '2023-04-05 05:00:00', 2, '2023-06-04 07:24:17', '2023-06-04 07:24:17'),
(144, 1013.00, '2023-04-05 11:00:00', 2, '2023-06-04 07:24:17', '2023-06-04 07:24:17'),
(145, 1015.00, '2023-04-05 17:00:00', 2, '2023-06-04 07:24:17', '2023-06-04 07:24:17'),
(146, 1013.00, '2023-04-05 23:00:00', 2, '2023-06-04 07:24:17', '2023-06-04 07:24:17'),
(147, 1014.00, '2023-04-06 05:00:00', 2, '2023-06-04 07:24:17', '2023-06-04 07:24:17'),
(148, 1015.00, '2023-04-06 11:00:00', 2, '2023-06-04 07:24:17', '2023-06-04 07:24:17'),
(149, 1012.00, '2023-04-06 17:00:00', 2, '2023-06-04 07:24:17', '2023-06-04 07:24:17'),
(150, 1011.00, '2023-04-06 23:00:00', 2, '2023-06-04 07:24:17', '2023-06-04 07:24:17'),
(151, 1012.00, '2023-04-07 05:00:00', 2, '2023-06-04 07:24:17', '2023-06-04 07:24:17'),
(152, 1011.00, '2023-04-07 11:00:00', 2, '2023-06-04 07:24:17', '2023-06-04 07:24:17'),
(153, 1013.00, '2023-04-07 17:00:00', 2, '2023-06-04 07:24:17', '2023-06-04 07:24:17'),
(154, 1015.00, '2023-04-07 23:00:00', 2, '2023-06-04 07:24:17', '2023-06-04 07:24:17'),
(155, 1015.00, '2023-04-08 05:00:00', 2, '2023-06-04 07:24:17', '2023-06-04 07:24:17'),
(156, 1011.00, '2023-04-08 11:00:00', 2, '2023-06-04 07:24:17', '2023-06-04 07:24:17'),
(157, 1015.00, '2023-04-08 17:00:00', 2, '2023-06-04 07:24:17', '2023-06-04 07:24:17'),
(158, 1012.00, '2023-04-08 23:00:00', 2, '2023-06-04 07:24:17', '2023-06-04 07:24:17'),
(159, 1012.00, '2023-04-09 05:00:00', 2, '2023-06-04 07:24:17', '2023-06-04 07:24:17'),
(160, 1015.00, '2023-04-09 11:00:00', 2, '2023-06-04 07:24:17', '2023-06-04 07:24:17'),
(161, 1013.00, '2023-04-09 17:00:00', 2, '2023-06-04 07:24:17', '2023-06-04 07:24:17'),
(162, 1011.00, '2023-04-09 23:00:00', 2, '2023-06-04 07:24:17', '2023-06-04 07:24:17'),
(163, 1012.00, '2023-04-10 05:00:00', 2, '2023-06-04 07:24:17', '2023-06-04 07:24:17'),
(164, 1015.00, '2023-04-10 11:00:00', 2, '2023-06-04 07:24:17', '2023-06-04 07:24:17'),
(165, 1011.00, '2023-04-10 17:00:00', 2, '2023-06-04 07:24:17', '2023-06-04 07:24:17'),
(166, 1012.00, '2023-04-10 23:00:00', 2, '2023-06-04 07:24:17', '2023-06-04 07:24:17'),
(167, 1012.00, '2023-04-11 05:00:00', 2, '2023-06-04 07:24:17', '2023-06-04 07:24:17'),
(168, 1013.00, '2023-04-11 11:00:00', 2, '2023-06-04 07:24:17', '2023-06-04 07:24:17'),
(169, 1013.00, '2023-04-11 17:00:00', 2, '2023-06-04 07:24:17', '2023-06-04 07:24:17'),
(170, 1015.00, '2023-04-11 23:00:00', 2, '2023-06-04 07:24:17', '2023-06-04 07:24:17'),
(171, 1011.00, '2023-04-12 05:00:00', 2, '2023-06-04 07:24:17', '2023-06-04 07:24:17'),
(172, 1011.00, '2023-04-12 11:00:00', 2, '2023-06-04 07:24:17', '2023-06-04 07:24:17'),
(173, 1013.00, '2023-04-12 17:00:00', 2, '2023-06-04 07:24:17', '2023-06-04 07:24:17'),
(174, 1012.00, '2023-04-12 23:00:00', 2, '2023-06-04 07:24:17', '2023-06-04 07:24:17'),
(175, 1014.00, '2023-04-13 05:00:00', 2, '2023-06-04 07:24:17', '2023-06-04 07:24:17'),
(176, 1015.00, '2023-04-13 11:00:00', 2, '2023-06-04 07:24:17', '2023-06-04 07:24:17'),
(177, 1011.00, '2023-04-13 17:00:00', 2, '2023-06-04 07:24:17', '2023-06-04 07:24:17'),
(178, 1014.00, '2023-04-13 23:00:00', 2, '2023-06-04 07:24:17', '2023-06-04 07:24:17'),
(179, 1011.00, '2023-04-14 05:00:00', 2, '2023-06-04 07:24:17', '2023-06-04 07:24:17'),
(180, 1011.00, '2023-04-14 11:00:00', 2, '2023-06-04 07:24:17', '2023-06-04 07:24:17'),
(181, 1015.00, '2023-04-14 17:00:00', 2, '2023-06-04 07:24:17', '2023-06-04 07:24:17'),
(182, 1014.00, '2023-04-14 23:00:00', 2, '2023-06-04 07:24:17', '2023-06-04 07:24:17'),
(183, 1012.00, '2023-04-15 05:00:00', 2, '2023-06-04 07:24:17', '2023-06-04 07:24:17'),
(184, 1015.00, '2023-04-15 11:00:00', 2, '2023-06-04 07:24:17', '2023-06-04 07:24:17'),
(185, 1012.00, '2023-04-15 17:00:00', 2, '2023-06-04 07:24:17', '2023-06-04 07:24:17'),
(186, 1013.00, '2023-04-15 23:00:00', 2, '2023-06-04 07:24:17', '2023-06-04 07:24:17'),
(187, 1014.00, '2023-04-16 05:00:00', 2, '2023-06-04 07:24:17', '2023-06-04 07:24:17'),
(188, 1012.00, '2023-04-16 11:00:00', 2, '2023-06-04 07:24:17', '2023-06-04 07:24:17'),
(189, 1015.00, '2023-04-16 17:00:00', 2, '2023-06-04 07:24:17', '2023-06-04 07:24:17'),
(190, 1012.00, '2023-04-16 23:00:00', 2, '2023-06-04 07:24:17', '2023-06-04 07:24:17'),
(191, 1011.00, '2023-04-17 05:00:00', 2, '2023-06-04 07:24:17', '2023-06-04 07:24:17'),
(192, 1013.00, '2023-04-17 11:00:00', 2, '2023-06-04 07:24:17', '2023-06-04 07:24:17'),
(193, 1011.00, '2023-04-17 17:00:00', 2, '2023-06-04 07:24:17', '2023-06-04 07:24:17'),
(194, 1014.00, '2023-04-17 23:00:00', 2, '2023-06-04 07:24:17', '2023-06-04 07:24:17'),
(195, 1011.00, '2023-04-18 05:00:00', 2, '2023-06-04 07:24:17', '2023-06-04 07:24:17'),
(196, 1012.00, '2023-04-18 11:00:00', 2, '2023-06-04 07:24:17', '2023-06-04 07:24:17'),
(197, 1014.00, '2023-04-18 17:00:00', 2, '2023-06-04 07:24:17', '2023-06-04 07:24:17'),
(198, 1013.00, '2023-04-18 23:00:00', 2, '2023-06-04 07:24:17', '2023-06-04 07:24:17'),
(199, 1014.00, '2023-04-19 05:00:00', 2, '2023-06-04 07:24:17', '2023-06-04 07:24:17'),
(200, 1015.00, '2023-04-19 11:00:00', 2, '2023-06-04 07:24:17', '2023-06-04 07:24:17'),
(201, 1011.00, '2023-04-19 17:00:00', 2, '2023-06-04 07:24:17', '2023-06-04 07:24:17'),
(202, 1012.00, '2023-04-19 23:00:00', 2, '2023-06-04 07:24:17', '2023-06-04 07:24:17'),
(203, 1012.00, '2023-04-20 05:00:00', 2, '2023-06-04 07:24:17', '2023-06-04 07:24:17'),
(204, 1013.00, '2023-04-20 11:00:00', 2, '2023-06-04 07:24:17', '2023-06-04 07:24:17'),
(205, 1011.00, '2023-04-20 17:00:00', 2, '2023-06-04 07:24:17', '2023-06-04 07:24:17'),
(206, 1012.00, '2023-04-20 23:00:00', 2, '2023-06-04 07:24:17', '2023-06-04 07:24:17'),
(207, 1011.00, '2023-04-21 05:00:00', 2, '2023-06-04 07:24:17', '2023-06-04 07:24:17'),
(208, 1011.00, '2023-04-21 11:00:00', 2, '2023-06-04 07:24:17', '2023-06-04 07:24:17'),
(209, 1012.00, '2023-04-21 17:00:00', 2, '2023-06-04 07:24:17', '2023-06-04 07:24:17'),
(210, 1013.00, '2023-04-21 23:00:00', 2, '2023-06-04 07:24:17', '2023-06-04 07:24:17'),
(211, 1015.00, '2023-04-22 05:00:00', 2, '2023-06-04 07:24:17', '2023-06-04 07:24:17'),
(212, 1011.00, '2023-04-22 11:00:00', 2, '2023-06-04 07:24:17', '2023-06-04 07:24:17'),
(213, 1013.00, '2023-04-22 17:00:00', 2, '2023-06-04 07:24:17', '2023-06-04 07:24:17'),
(214, 1011.00, '2023-04-22 23:00:00', 2, '2023-06-04 07:24:17', '2023-06-04 07:24:17'),
(215, 1011.00, '2023-04-23 05:00:00', 2, '2023-06-04 07:24:17', '2023-06-04 07:24:17'),
(216, 1011.00, '2023-04-23 11:00:00', 2, '2023-06-04 07:24:17', '2023-06-04 07:24:17'),
(217, 1014.00, '2023-04-23 17:00:00', 2, '2023-06-04 07:24:17', '2023-06-04 07:24:17'),
(218, 1014.00, '2023-04-23 23:00:00', 2, '2023-06-04 07:24:17', '2023-06-04 07:24:17'),
(219, 1013.00, '2023-04-24 05:00:00', 2, '2023-06-04 07:24:17', '2023-06-04 07:24:17'),
(220, 1012.00, '2023-04-24 11:00:00', 2, '2023-06-04 07:24:17', '2023-06-04 07:24:17'),
(221, 1011.00, '2023-04-24 17:00:00', 2, '2023-06-04 07:24:17', '2023-06-04 07:24:17'),
(222, 1011.00, '2023-04-24 23:00:00', 2, '2023-06-04 07:24:17', '2023-06-04 07:24:17'),
(223, 1014.00, '2023-04-25 05:00:00', 2, '2023-06-04 07:24:17', '2023-06-04 07:24:17'),
(224, 1015.00, '2023-04-25 11:00:00', 2, '2023-06-04 07:24:17', '2023-06-04 07:24:17'),
(225, 1014.00, '2023-04-25 17:00:00', 2, '2023-06-04 07:24:17', '2023-06-04 07:24:17'),
(226, 1011.00, '2023-04-25 23:00:00', 2, '2023-06-04 07:24:17', '2023-06-04 07:24:17'),
(227, 1011.00, '2023-04-26 05:00:00', 2, '2023-06-04 07:24:17', '2023-06-04 07:24:17'),
(228, 1013.00, '2023-04-26 11:00:00', 2, '2023-06-04 07:24:17', '2023-06-04 07:24:17'),
(229, 1014.00, '2023-04-26 17:00:00', 2, '2023-06-04 07:24:17', '2023-06-04 07:24:17'),
(230, 1011.00, '2023-04-26 23:00:00', 2, '2023-06-04 07:24:17', '2023-06-04 07:24:17'),
(231, 1011.00, '2023-04-27 05:00:00', 2, '2023-06-04 07:24:17', '2023-06-04 07:24:17'),
(232, 1015.00, '2023-04-27 11:00:00', 2, '2023-06-04 07:24:17', '2023-06-04 07:24:17'),
(233, 1011.00, '2023-04-27 17:00:00', 2, '2023-06-04 07:24:17', '2023-06-04 07:24:17'),
(234, 1013.00, '2023-04-27 23:00:00', 2, '2023-06-04 07:24:17', '2023-06-04 07:24:17'),
(235, 1015.00, '2023-04-28 05:00:00', 2, '2023-06-04 07:24:17', '2023-06-04 07:24:17'),
(236, 1013.00, '2023-04-28 11:00:00', 2, '2023-06-04 07:24:17', '2023-06-04 07:24:17'),
(237, 1015.00, '2023-04-28 17:00:00', 2, '2023-06-04 07:24:17', '2023-06-04 07:24:17'),
(238, 1012.00, '2023-04-28 23:00:00', 2, '2023-06-04 07:24:17', '2023-06-04 07:24:17'),
(239, 1014.00, '2023-04-29 05:00:00', 2, '2023-06-04 07:24:17', '2023-06-04 07:24:17'),
(240, 1011.00, '2023-04-29 11:00:00', 2, '2023-06-04 07:24:17', '2023-06-04 07:24:17'),
(241, 1015.00, '2023-04-29 17:00:00', 2, '2023-06-04 07:24:17', '2023-06-04 07:24:17'),
(242, 1011.00, '2023-04-29 23:00:00', 2, '2023-06-04 07:24:17', '2023-06-04 07:24:17'),
(243, 1012.00, '2023-04-30 05:00:00', 2, '2023-06-04 07:24:17', '2023-06-04 07:24:17'),
(244, 1013.00, '2023-04-30 11:00:00', 2, '2023-06-04 07:24:17', '2023-06-04 07:24:17'),
(245, 1015.00, '2023-04-30 17:00:00', 2, '2023-06-04 07:24:17', '2023-06-04 07:24:17'),
(246, 1015.00, '2023-04-30 23:00:00', 2, '2023-06-04 07:24:17', '2023-06-04 07:24:17'),
(247, 1014.00, '2023-05-01 05:00:00', 2, '2023-06-04 07:24:17', '2023-06-04 07:24:17'),
(248, 1012.00, '2023-05-01 11:00:00', 2, '2023-06-04 07:24:17', '2023-06-04 07:24:17'),
(249, 1014.00, '2023-05-01 17:00:00', 2, '2023-06-04 07:24:17', '2023-06-04 07:24:17'),
(250, 1012.00, '2023-05-01 23:00:00', 2, '2023-06-04 07:24:17', '2023-06-04 07:24:17'),
(251, 1015.00, '2023-05-02 05:00:00', 2, '2023-06-04 07:24:17', '2023-06-04 07:24:17'),
(252, 1013.00, '2023-05-02 11:00:00', 2, '2023-06-04 07:24:17', '2023-06-04 07:24:17'),
(253, 1013.00, '2023-05-02 17:00:00', 2, '2023-06-04 07:24:17', '2023-06-04 07:24:17'),
(254, 1015.00, '2023-05-02 23:00:00', 2, '2023-06-04 07:24:17', '2023-06-04 07:24:17'),
(255, 1015.00, '2023-05-03 05:00:00', 2, '2023-06-04 07:24:17', '2023-06-04 07:24:17'),
(256, 1012.00, '2023-05-03 11:00:00', 2, '2023-06-04 07:24:17', '2023-06-04 07:24:17'),
(257, 1012.00, '2023-05-03 17:00:00', 2, '2023-06-04 07:24:17', '2023-06-04 07:24:17'),
(258, 1014.00, '2023-05-03 23:00:00', 2, '2023-06-04 07:24:17', '2023-06-04 07:24:17'),
(259, 1013.00, '2023-05-04 05:00:00', 2, '2023-06-04 07:24:17', '2023-06-04 07:24:17'),
(260, 1013.00, '2023-05-04 11:00:00', 2, '2023-06-04 07:24:17', '2023-06-04 07:24:17'),
(261, 1015.00, '2023-05-04 17:00:00', 2, '2023-06-04 07:24:17', '2023-06-04 07:24:17'),
(262, 1014.00, '2023-05-04 23:00:00', 2, '2023-06-04 07:24:17', '2023-06-04 07:24:17'),
(263, 1012.00, '2023-05-05 05:00:00', 2, '2023-06-04 07:24:17', '2023-06-04 07:24:17'),
(264, 1015.00, '2023-05-05 11:00:00', 2, '2023-06-04 07:24:17', '2023-06-04 07:24:17'),
(265, 1011.00, '2023-05-05 17:00:00', 2, '2023-06-04 07:24:17', '2023-06-04 07:24:17'),
(266, 1013.00, '2023-05-05 23:00:00', 2, '2023-06-04 07:24:17', '2023-06-04 07:24:17'),
(267, 1015.00, '2023-05-06 05:00:00', 2, '2023-06-04 07:24:17', '2023-06-04 07:24:17'),
(268, 1011.00, '2023-05-06 11:00:00', 2, '2023-06-04 07:24:17', '2023-06-04 07:24:17'),
(269, 1015.00, '2023-05-06 17:00:00', 2, '2023-06-04 07:24:17', '2023-06-04 07:24:17'),
(270, 1011.00, '2023-05-06 23:00:00', 2, '2023-06-04 07:24:17', '2023-06-04 07:24:17'),
(271, 1012.00, '2023-05-07 05:00:00', 2, '2023-06-04 07:24:17', '2023-06-04 07:24:17'),
(272, 1015.00, '2023-05-07 11:00:00', 2, '2023-06-04 07:24:17', '2023-06-04 07:24:17'),
(273, 1011.00, '2023-05-07 17:00:00', 2, '2023-06-04 07:24:17', '2023-06-04 07:24:17'),
(274, 1011.00, '2023-05-07 23:00:00', 2, '2023-06-04 07:24:17', '2023-06-04 07:24:17'),
(275, 1014.00, '2023-05-08 05:00:00', 2, '2023-06-04 07:24:17', '2023-06-04 07:24:17'),
(276, 1013.00, '2023-05-08 11:00:00', 2, '2023-06-04 07:24:17', '2023-06-04 07:24:17'),
(277, 1011.00, '2023-05-08 17:00:00', 2, '2023-06-04 07:24:17', '2023-06-04 07:24:17'),
(278, 1015.00, '2023-05-08 23:00:00', 2, '2023-06-04 07:24:17', '2023-06-04 07:24:17'),
(279, 1012.00, '2023-05-09 05:00:00', 2, '2023-06-04 07:24:17', '2023-06-04 07:24:17'),
(280, 1014.00, '2023-05-09 11:00:00', 2, '2023-06-04 07:24:17', '2023-06-04 07:24:17'),
(281, 1014.00, '2023-05-09 17:00:00', 2, '2023-06-04 07:24:17', '2023-06-04 07:24:17'),
(282, 1013.00, '2023-05-09 23:00:00', 2, '2023-06-04 07:24:17', '2023-06-04 07:24:17'),
(283, 1015.00, '2023-05-10 05:00:00', 2, '2023-06-04 07:24:17', '2023-06-04 07:24:17'),
(284, 1012.00, '2023-05-10 11:00:00', 2, '2023-06-04 07:24:17', '2023-06-04 07:24:17'),
(285, 1015.00, '2023-05-10 17:00:00', 2, '2023-06-04 07:24:17', '2023-06-04 07:24:17'),
(286, 1012.00, '2023-05-10 23:00:00', 2, '2023-06-04 07:24:17', '2023-06-04 07:24:17'),
(287, 1014.00, '2023-05-11 05:00:00', 2, '2023-06-04 07:24:17', '2023-06-04 07:24:17'),
(288, 1014.00, '2023-05-11 11:00:00', 2, '2023-06-04 07:24:17', '2023-06-04 07:24:17'),
(289, 1011.00, '2023-05-11 17:00:00', 2, '2023-06-04 07:24:17', '2023-06-04 07:24:17'),
(290, 1013.00, '2023-05-11 23:00:00', 2, '2023-06-04 07:24:17', '2023-06-04 07:24:17'),
(291, 1011.00, '2023-05-12 05:00:00', 2, '2023-06-04 07:24:17', '2023-06-04 07:24:17'),
(292, 1012.00, '2023-05-12 11:00:00', 2, '2023-06-04 07:24:17', '2023-06-04 07:24:17'),
(293, 1015.00, '2023-05-12 17:00:00', 2, '2023-06-04 07:24:17', '2023-06-04 07:24:17'),
(294, 1011.00, '2023-05-12 23:00:00', 2, '2023-06-04 07:24:17', '2023-06-04 07:24:17'),
(295, 1015.00, '2023-05-13 05:00:00', 2, '2023-06-04 07:24:17', '2023-06-04 07:24:17'),
(296, 1013.00, '2023-05-13 11:00:00', 2, '2023-06-04 07:24:17', '2023-06-04 07:24:17'),
(297, 1012.00, '2023-05-13 17:00:00', 2, '2023-06-04 07:24:17', '2023-06-04 07:24:17'),
(298, 1015.00, '2023-05-13 23:00:00', 2, '2023-06-04 07:24:17', '2023-06-04 07:24:17'),
(299, 1013.00, '2023-05-14 05:00:00', 2, '2023-06-04 07:24:17', '2023-06-04 07:24:17'),
(300, 1012.00, '2023-05-14 11:00:00', 2, '2023-06-04 07:24:17', '2023-06-04 07:24:17'),
(301, 1015.00, '2023-05-14 17:00:00', 2, '2023-06-04 07:24:17', '2023-06-04 07:24:17'),
(302, 1013.00, '2023-05-14 23:00:00', 2, '2023-06-04 07:24:17', '2023-06-04 07:24:17'),
(303, 1011.00, '2023-05-15 05:00:00', 2, '2023-06-04 07:24:17', '2023-06-04 07:24:17'),
(304, 1014.00, '2023-05-15 11:00:00', 2, '2023-06-04 07:24:17', '2023-06-04 07:24:17'),
(305, 1011.00, '2023-05-15 17:00:00', 2, '2023-06-04 07:24:17', '2023-06-04 07:24:17'),
(306, 1012.00, '2023-05-15 23:00:00', 2, '2023-06-04 07:24:17', '2023-06-04 07:24:17'),
(307, 1012.00, '2023-05-16 05:00:00', 2, '2023-06-04 07:24:17', '2023-06-04 07:24:17'),
(308, 1015.00, '2023-05-16 11:00:00', 2, '2023-06-04 07:24:17', '2023-06-04 07:24:17'),
(309, 1015.00, '2023-05-16 17:00:00', 2, '2023-06-04 07:24:17', '2023-06-04 07:24:17'),
(310, 1015.00, '2023-05-16 23:00:00', 2, '2023-06-04 07:24:17', '2023-06-04 07:24:17'),
(311, 1012.00, '2023-05-17 05:00:00', 2, '2023-06-04 07:24:17', '2023-06-04 07:24:17'),
(312, 1011.00, '2023-05-17 11:00:00', 2, '2023-06-04 07:24:17', '2023-06-04 07:24:17'),
(313, 1014.00, '2023-05-17 17:00:00', 2, '2023-06-04 07:24:17', '2023-06-04 07:24:17'),
(314, 1012.00, '2023-05-17 23:00:00', 2, '2023-06-04 07:24:17', '2023-06-04 07:24:17'),
(315, 1012.00, '2023-05-18 05:00:00', 2, '2023-06-04 07:24:17', '2023-06-04 07:24:17'),
(316, 1015.00, '2023-05-18 11:00:00', 2, '2023-06-04 07:24:17', '2023-06-04 07:24:17'),
(317, 1014.00, '2023-05-18 17:00:00', 2, '2023-06-04 07:24:17', '2023-06-04 07:24:17'),
(318, 1015.00, '2023-05-18 23:00:00', 2, '2023-06-04 07:24:17', '2023-06-04 07:24:17'),
(319, 1013.00, '2023-05-19 05:00:00', 2, '2023-06-04 07:24:17', '2023-06-04 07:24:17'),
(320, 1012.00, '2023-05-19 11:00:00', 2, '2023-06-04 07:24:17', '2023-06-04 07:24:17'),
(321, 1013.00, '2023-05-19 17:00:00', 2, '2023-06-04 07:24:17', '2023-06-04 07:24:17'),
(322, 1012.00, '2023-05-19 23:00:00', 2, '2023-06-04 07:24:17', '2023-06-04 07:24:17'),
(323, 1011.00, '2023-05-20 05:00:00', 2, '2023-06-04 07:24:17', '2023-06-04 07:24:17'),
(324, 1012.00, '2023-05-20 11:00:00', 2, '2023-06-04 07:24:17', '2023-06-04 07:24:17'),
(325, 1014.00, '2023-05-20 17:00:00', 2, '2023-06-04 07:24:17', '2023-06-04 07:24:17'),
(326, 1015.00, '2023-05-20 23:00:00', 2, '2023-06-04 07:24:17', '2023-06-04 07:24:17'),
(327, 1013.00, '2023-05-21 05:00:00', 2, '2023-06-04 07:24:17', '2023-06-04 07:24:17'),
(328, 1013.00, '2023-05-21 11:00:00', 2, '2023-06-04 07:24:17', '2023-06-04 07:24:17'),
(329, 1015.00, '2023-05-21 17:00:00', 2, '2023-06-04 07:24:17', '2023-06-04 07:24:17'),
(330, 1012.00, '2023-05-21 23:00:00', 2, '2023-06-04 07:24:17', '2023-06-04 07:24:17'),
(331, 1012.00, '2023-05-22 05:00:00', 2, '2023-06-04 07:24:17', '2023-06-04 07:24:17'),
(332, 1015.00, '2023-05-22 11:00:00', 2, '2023-06-04 07:24:17', '2023-06-04 07:24:17'),
(333, 1015.00, '2023-05-22 17:00:00', 2, '2023-06-04 07:24:17', '2023-06-04 07:24:17'),
(334, 1012.00, '2023-05-22 23:00:00', 2, '2023-06-04 07:24:17', '2023-06-04 07:24:17'),
(335, 1011.00, '2023-05-23 05:00:00', 2, '2023-06-04 07:24:17', '2023-06-04 07:24:17'),
(336, 1012.00, '2023-05-23 11:00:00', 2, '2023-06-04 07:24:17', '2023-06-04 07:24:17'),
(337, 1012.00, '2023-05-23 17:00:00', 2, '2023-06-04 07:24:17', '2023-06-04 07:24:17'),
(338, 1012.00, '2023-05-23 23:00:00', 2, '2023-06-04 07:24:17', '2023-06-04 07:24:17'),
(339, 1011.00, '2023-05-24 05:00:00', 2, '2023-06-04 07:24:17', '2023-06-04 07:24:17'),
(340, 1013.00, '2023-05-24 11:00:00', 2, '2023-06-04 07:24:17', '2023-06-04 07:24:17'),
(341, 1011.00, '2023-05-24 17:00:00', 2, '2023-06-04 07:24:17', '2023-06-04 07:24:17'),
(342, 1015.00, '2023-05-24 23:00:00', 2, '2023-06-04 07:24:17', '2023-06-04 07:24:17'),
(343, 1013.00, '2023-05-25 05:00:00', 2, '2023-06-04 07:24:17', '2023-06-04 07:24:17'),
(344, 1012.00, '2023-05-25 11:00:00', 2, '2023-06-04 07:24:17', '2023-06-04 07:24:17'),
(345, 1014.00, '2023-05-25 17:00:00', 2, '2023-06-04 07:24:17', '2023-06-04 07:24:17'),
(346, 1012.00, '2023-05-25 23:00:00', 2, '2023-06-04 07:24:17', '2023-06-04 07:24:17'),
(347, 1013.00, '2023-05-26 05:00:00', 2, '2023-06-04 07:24:17', '2023-06-04 07:24:17'),
(348, 1015.00, '2023-05-26 11:00:00', 2, '2023-06-04 07:24:17', '2023-06-04 07:24:17'),
(349, 1015.00, '2023-05-26 17:00:00', 2, '2023-06-04 07:24:17', '2023-06-04 07:24:17'),
(350, 1013.00, '2023-05-26 23:00:00', 2, '2023-06-04 07:24:17', '2023-06-04 07:24:17'),
(351, 1013.00, '2023-05-27 05:00:00', 2, '2023-06-04 07:24:17', '2023-06-04 07:24:17'),
(352, 1012.00, '2023-05-27 11:00:00', 2, '2023-06-04 07:24:17', '2023-06-04 07:24:17'),
(353, 1013.00, '2023-05-27 17:00:00', 2, '2023-06-04 07:24:17', '2023-06-04 07:24:17'),
(354, 1015.00, '2023-05-27 23:00:00', 2, '2023-06-04 07:24:17', '2023-06-04 07:24:17'),
(355, 1014.00, '2023-05-28 05:00:00', 2, '2023-06-04 07:24:17', '2023-06-04 07:24:17'),
(356, 1012.00, '2023-05-28 11:00:00', 2, '2023-06-04 07:24:17', '2023-06-04 07:24:17'),
(357, 1014.00, '2023-05-28 17:00:00', 2, '2023-06-04 07:24:17', '2023-06-04 07:24:17'),
(358, 1011.00, '2023-05-28 23:00:00', 2, '2023-06-04 07:24:17', '2023-06-04 07:24:17'),
(359, 1013.00, '2023-05-29 05:00:00', 2, '2023-06-04 07:24:17', '2023-06-04 07:24:17'),
(360, 1014.00, '2023-05-29 11:00:00', 2, '2023-06-04 07:24:17', '2023-06-04 07:24:17'),
(361, 1014.00, '2023-05-29 17:00:00', 2, '2023-06-04 07:24:17', '2023-06-04 07:24:17'),
(362, 1015.00, '2023-05-29 23:00:00', 2, '2023-06-04 07:24:17', '2023-06-04 07:24:17'),
(363, 1014.00, '2023-05-30 05:00:00', 2, '2023-06-04 07:24:17', '2023-06-04 07:24:17'),
(364, 1011.00, '2023-05-30 11:00:00', 2, '2023-06-04 07:24:17', '2023-06-04 07:24:17'),
(365, 1015.00, '2023-05-30 17:00:00', 2, '2023-06-04 07:24:17', '2023-06-04 07:24:17'),
(366, 1014.00, '2023-05-30 23:00:00', 2, '2023-06-04 07:24:17', '2023-06-04 07:24:17'),
(367, 1014.00, '2023-05-31 05:00:00', 2, '2023-06-04 07:24:17', '2023-06-04 07:24:17'),
(368, 1011.00, '2023-05-31 11:00:00', 2, '2023-06-04 07:24:17', '2023-06-04 07:24:17'),
(369, 1013.00, '2023-05-31 17:00:00', 2, '2023-06-04 07:24:17', '2023-06-04 07:24:17'),
(370, 1013.00, '2023-05-31 23:00:00', 2, '2023-06-04 07:24:17', '2023-06-04 07:24:17'),
(371, 1011.00, '2023-06-01 05:00:00', 2, '2023-06-04 07:24:17', '2023-06-04 07:24:17'),
(372, 1015.00, '2023-06-01 11:00:00', 2, '2023-06-04 07:24:17', '2023-06-04 07:24:17'),
(373, 123.00, '2023-06-05 12:57:00', 2, '2023-06-05 05:57:35', '2023-06-05 05:57:35'),
(375, 130.00, '2023-06-05 14:52:00', 2, '2023-06-05 14:52:30', '2023-06-05 14:52:30');

-- --------------------------------------------------------

--
-- Table structure for table `users`
--

CREATE TABLE `users` (
  `id_user` bigint(10) UNSIGNED NOT NULL,
  `username` varchar(50) NOT NULL,
  `password` varchar(255) NOT NULL,
  `email` varchar(50) NOT NULL,
  `role` enum('admin','user') NOT NULL DEFAULT 'user'
) ENGINE=InnoDB DEFAULT CHARSET=utf8mb4 COLLATE=utf8mb4_unicode_ci;

--
-- Dumping data for table `users`
--

INSERT INTO `users` (`id_user`, `username`, `password`, `email`, `role`) VALUES
(1, 'acmad', '$2y$10$ZYtPaiX7Rt/q6XPyX1085OEbHOhiKI7pBtdQL6/4KVE8.twVc9Iq6', 'acmad0900@gmail.com', 'admin'),
(2, 'acmad01', '$2y$10$cZ3jD0HqQsHoa3C2.VWYR.xXGwpH0ecwW3IQSel28qlUpb6teFnyG', 'acmad0900@gmail.com', 'user'),
(3, 'acmad02', '$2y$10$W2ceDPiiaKBCN5gEp0DD/.6nPGzPSmbxKY4UbJ4SVTBcDsdHE1Mei', 'akungameno822@gmail.com', 'user'),
(4, 'hoodell', '$2y$10$5gIOx8XszZrQ6uSxRhzo7OBOdTjEYu7dVFzIw/TDMRAheFxoxHtci', 'heri.super.hs@gmail.com', 'user'),
(6, 'tes1234', '$2y$10$II0K3sKSJAEUFnJ1K3WDdON2JeMSA0EdhtcvEkytDJkhQ5yXC66ta', 'acmadsaiful8@gmail.com', 'user');

--
-- Indexes for dumped tables
--

--
-- Indexes for table `alat`
--
ALTER TABLE `alat`
  ADD PRIMARY KEY (`id_alat`),
  ADD KEY `id_lokasi` (`id_lokasi`);

--
-- Indexes for table `kecepatanangin`
--
ALTER TABLE `kecepatanangin`
  ADD PRIMARY KEY (`id_kecepatanangin`),
  ADD KEY `id_alat` (`id_alat`);

--
-- Indexes for table `kelembaban`
--
ALTER TABLE `kelembaban`
  ADD PRIMARY KEY (`id_kelembaban`),
  ADD KEY `id_alat` (`id_alat`);

--
-- Indexes for table `kotas`
--
ALTER TABLE `kotas`
  ADD PRIMARY KEY (`id_kota`),
  ADD KEY `id_provinsi` (`id_provinsi`);

--
-- Indexes for table `lokasi`
--
ALTER TABLE `lokasi`
  ADD PRIMARY KEY (`id_lokasi`),
  ADD KEY `id_kota` (`id_kota`);

--
-- Indexes for table `provinsis`
--
ALTER TABLE `provinsis`
  ADD PRIMARY KEY (`id_provinsi`);

--
-- Indexes for table `sessions`
--
ALTER TABLE `sessions`
  ADD PRIMARY KEY (`id_session`),
  ADD KEY `user_id` (`id_user`);

--
-- Indexes for table `suhu`
--
ALTER TABLE `suhu`
  ADD PRIMARY KEY (`id_suhu`),
  ADD KEY `id_alat` (`id_alat`);

--
-- Indexes for table `tekananudara`
--
ALTER TABLE `tekananudara`
  ADD PRIMARY KEY (`id_tekananudara`),
  ADD KEY `id_alat` (`id_alat`);

--
-- Indexes for table `users`
--
ALTER TABLE `users`
  ADD PRIMARY KEY (`id_user`);

--
-- AUTO_INCREMENT for dumped tables
--

--
-- AUTO_INCREMENT for table `alat`
--
ALTER TABLE `alat`
  MODIFY `id_alat` bigint(20) UNSIGNED NOT NULL AUTO_INCREMENT, AUTO_INCREMENT=11;

--
-- AUTO_INCREMENT for table `kecepatanangin`
--
ALTER TABLE `kecepatanangin`
  MODIFY `id_kecepatanangin` bigint(20) UNSIGNED NOT NULL AUTO_INCREMENT, AUTO_INCREMENT=376;

--
-- AUTO_INCREMENT for table `kelembaban`
--
ALTER TABLE `kelembaban`
  MODIFY `id_kelembaban` bigint(20) UNSIGNED NOT NULL AUTO_INCREMENT, AUTO_INCREMENT=375;

--
-- AUTO_INCREMENT for table `kotas`
--
ALTER TABLE `kotas`
  MODIFY `id_kota` bigint(20) UNSIGNED NOT NULL AUTO_INCREMENT, AUTO_INCREMENT=22;

--
-- AUTO_INCREMENT for table `lokasi`
--
ALTER TABLE `lokasi`
  MODIFY `id_lokasi` bigint(20) UNSIGNED NOT NULL AUTO_INCREMENT, AUTO_INCREMENT=12;

--
-- AUTO_INCREMENT for table `provinsis`
--
ALTER TABLE `provinsis`
  MODIFY `id_provinsi` bigint(20) UNSIGNED NOT NULL AUTO_INCREMENT, AUTO_INCREMENT=13;

--
-- AUTO_INCREMENT for table `sessions`
--
ALTER TABLE `sessions`
  MODIFY `id_session` bigint(20) UNSIGNED NOT NULL AUTO_INCREMENT, AUTO_INCREMENT=27;

--
-- AUTO_INCREMENT for table `suhu`
--
ALTER TABLE `suhu`
  MODIFY `id_suhu` bigint(20) UNSIGNED NOT NULL AUTO_INCREMENT, AUTO_INCREMENT=376;

--
-- AUTO_INCREMENT for table `tekananudara`
--
ALTER TABLE `tekananudara`
  MODIFY `id_tekananudara` bigint(20) UNSIGNED NOT NULL AUTO_INCREMENT, AUTO_INCREMENT=376;

--
-- AUTO_INCREMENT for table `users`
--
ALTER TABLE `users`
  MODIFY `id_user` bigint(10) UNSIGNED NOT NULL AUTO_INCREMENT, AUTO_INCREMENT=7;

--
-- Constraints for dumped tables
--

--
-- Constraints for table `alat`
--
ALTER TABLE `alat`
  ADD CONSTRAINT `alat_ibfk_6` FOREIGN KEY (`id_lokasi`) REFERENCES `lokasi` (`id_lokasi`);

--
-- Constraints for table `kecepatanangin`
--
ALTER TABLE `kecepatanangin`
  ADD CONSTRAINT `kecepatanangin_ibfk_1` FOREIGN KEY (`id_alat`) REFERENCES `alat` (`id_alat`);

--
-- Constraints for table `kelembaban`
--
ALTER TABLE `kelembaban`
  ADD CONSTRAINT `kelembaban_ibfk_1` FOREIGN KEY (`id_alat`) REFERENCES `alat` (`id_alat`);

--
-- Constraints for table `kotas`
--
ALTER TABLE `kotas`
  ADD CONSTRAINT `kotas_ibfk_1` FOREIGN KEY (`id_provinsi`) REFERENCES `provinsis` (`id_provinsi`);

--
-- Constraints for table `lokasi`
--
ALTER TABLE `lokasi`
  ADD CONSTRAINT `lokasi_ibfk_1` FOREIGN KEY (`id_kota`) REFERENCES `kotas` (`id_kota`);

--
-- Constraints for table `sessions`
--
ALTER TABLE `sessions`
  ADD CONSTRAINT `sessions_ibfk_1` FOREIGN KEY (`id_user`) REFERENCES `users` (`id_user`);

--
-- Constraints for table `suhu`
--
ALTER TABLE `suhu`
  ADD CONSTRAINT `suhu_ibfk_1` FOREIGN KEY (`id_alat`) REFERENCES `alat` (`id_alat`);

--
-- Constraints for table `tekananudara`
--
ALTER TABLE `tekananudara`
  ADD CONSTRAINT `tekananudara_ibfk_1` FOREIGN KEY (`id_alat`) REFERENCES `alat` (`id_alat`);
COMMIT;

/*!40101 SET CHARACTER_SET_CLIENT=@OLD_CHARACTER_SET_CLIENT */;
/*!40101 SET CHARACTER_SET_RESULTS=@OLD_CHARACTER_SET_RESULTS */;
/*!40101 SET COLLATION_CONNECTION=@OLD_COLLATION_CONNECTION */;
